{
  "P1_reward_mean": [
    {
      "dtype": "float64",
      "py/object": "numpy.float64",
      "value": 33.56666666666667
    }
  ],
  "P1_reward_mean_T": [
    7
  ],
  "P2_reward_mean": [
    {
      "dtype": "float64",
      "py/object": "numpy.float64",
      "value": 57.916666666666664
    }
  ],
  "P2_reward_mean_T": [
    7
  ],
  "P3_reward_mean": [
    {
      "dtype": "float64",
      "py/object": "numpy.float64",
      "value": 94.56666666666669
    }
  ],
  "P3_reward_mean_T": [
    7
  ],
  "agent_0_individual_reward": [
    {
      "dtype": "float64",
      "py/object": "numpy.float64",
      "value": 151.23333072662354
    },
    {
      "dtype": "float64",
      "py/object": "numpy.float64",
      "value": 152.13333225250244
    },
    {
      "dtype": "float64",
      "py/object": "numpy.float64",
      "value": 193.19999980926514
    },
    {
      "dtype": "float64",
      "py/object": "numpy.float64",
      "value": 123.66666507720947
    },
    {
      "dtype": "float64",
      "py/object": "numpy.float64",
      "value": 180.8999948501587
    },
    {
      "dtype": "float64",
      "py/object": "numpy.float64",
      "value": 152.13333225250244
    },
    {
      "dtype": "float64",
      "py/object": "numpy.float64",
      "value": 154.2333345413208
    },
    {
      "dtype": "float64",
      "py/object": "numpy.float64",
      "value": 158.13333415985107
    },
    {
      "dtype": "float64",
      "py/object": "numpy.float64",
      "value": 188.99999904632568
    },
    {
      "dtype": "float64",
      "py/object": "numpy.float64",
      "value": 159.33333110809326
    },
    {
      "dtype": "float64",
      "py/object": "numpy.float64",
      "value": 224.96666622161865
    },
    {
      "dtype": "float64",
      "py/object": "numpy.float64",
      "value": 232.46666431427002
    },
    {
      "dtype": "float64",
      "py/object": "numpy.float64",
      "value": 174.29999923706055
    },
    {
      "dtype": "float64",
      "py/object": "numpy.float64",
      "value": 156.63333415985107
    },
    {
      "dtype": "float64",
      "py/object": "numpy.float64",
      "value": 123.66666507720947
    },
    {
      "dtype": "float64",
      "py/object": "numpy.float64",
      "value": 121.2666654586792
    },
    {
      "dtype": "float64",
      "py/object": "numpy.float64",
      "value": 121.2666654586792
    },
    {
      "dtype": "float64",
      "py/object": "numpy.float64",
      "value": 183.5999994277954
    },
    {
      "dtype": "float64",
      "py/object": "numpy.float64",
      "value": 173.0999994277954
    },
    {
      "dtype": "float64",
      "py/object": "numpy.float64",
      "value": 125.1666669845581
    },
    {
      "dtype": "float64",
      "py/object": "numpy.float64",
      "value": 183.5999994277954
    },
    {
      "dtype": "float64",
      "py/object": "numpy.float64",
      "value": 227.66666889190674
    },
    {
      "dtype": "float64",
      "py/object": "numpy.float64",
      "value": 153.63333415985107
    },
    {
      "dtype": "float64",
      "py/object": "numpy.float64",
      "value": 122.46666812896729
    },
    {
      "dtype": "float64",
      "py/object": "numpy.float64",
      "value": 123.36666774749756
    },
    {
      "dtype": "float64",
      "py/object": "numpy.float64",
      "value": 153.63333415985107
    },
    {
      "dtype": "float64",
      "py/object": "numpy.float64",
      "value": 156.63333415985107
    },
    {
      "dtype": "float64",
      "py/object": "numpy.float64",
      "value": 153.63333415985107
    },
    {
      "dtype": "float64",
      "py/object": "numpy.float64",
      "value": 122.46666812896729
    },
    {
      "dtype": "float64",
      "py/object": "numpy.float64",
      "value": 127.86666774749756
    },
    {
      "dtype": "float64",
      "py/object": "numpy.float64",
      "value": 180.2999973297119
    },
    {
      "dtype": "float64",
      "py/object": "numpy.float64",
      "value": 153.63333415985107
    },
    {
      "dtype": "float64",
      "py/object": "numpy.float64",
      "value": 117.96666622161865
    },
    {
      "dtype": "float64",
      "py/object": "numpy.float64",
      "value": 183.00000476837158
    },
    {
      "dtype": "float64",
      "py/object": "numpy.float64",
      "value": 152.13333225250244
    },
    {
      "dtype": "float64",
      "py/object": "numpy.float64",
      "value": 183.5999994277954
    },
    {
      "dtype": "float64",
      "py/object": "numpy.float64",
      "value": 163.2333345413208
    },
    {
      "dtype": "float64",
      "py/object": "numpy.float64",
      "value": 190.2000036239624
    },
    {
      "dtype": "float64",
      "py/object": "numpy.float64",
      "value": 177.89999675750732
    },
    {
      "dtype": "float64",
      "py/object": "numpy.float64",
      "value": 119.16666507720947
    },
    {
      "dtype": "float64",
      "py/object": "numpy.float64",
      "value": 270.53332710266113
    },
    {
      "dtype": "float64",
      "py/object": "numpy.float64",
      "value": 149.73333263397217
    },
    {
      "dtype": "float64",
      "py/object": "numpy.float64",
      "value": 126.66666507720947
    },
    {
      "dtype": "float64",
      "py/object": "numpy.float64",
      "value": 150.33333683013916
    },
    {
      "dtype": "float64",
      "py/object": "numpy.float64",
      "value": 154.23333072662354
    },
    {
      "dtype": "float64",
      "py/object": "numpy.float64",
      "value": 146.13333225250244
    },
    {
      "dtype": "float64",
      "py/object": "numpy.float64",
      "value": 186.30000114440918
    },
    {
      "dtype": "float64",
      "py/object": "numpy.float64",
      "value": 153.03333377838135
    },
    {
      "dtype": "float64",
      "py/object": "numpy.float64",
      "value": 185.69999980926514
    },
    {
      "dtype": "float64",
      "py/object": "numpy.float64",
      "value": 156.93333530426025
    },
    {
      "dtype": "float64",
      "py/object": "numpy.float64",
      "value": 154.23333072662354
    },
    {
      "dtype": "float64",
      "py/object": "numpy.float64",
      "value": 158.13333415985107
    },
    {
      "dtype": "float64",
      "py/object": "numpy.float64",
      "value": 181.2000026702881
    },
    {
      "dtype": "float64",
      "py/object": "numpy.float64",
      "value": 122.46666812896729
    },
    {
      "dtype": "float64",
      "py/object": "numpy.float64",
      "value": 201.56666374206543
    },
    {
      "dtype": "float64",
      "py/object": "numpy.float64",
      "value": 223.76666450500488
    },
    {
      "dtype": "float64",
      "py/object": "numpy.float64",
      "value": 158.13333415985107
    },
    {
      "dtype": "float64",
      "py/object": "numpy.float64",
      "value": 149.43333339691162
    },
    {
      "dtype": "float64",
      "py/object": "numpy.float64",
      "value": 158.13333415985107
    },
    {
      "dtype": "float64",
      "py/object": "numpy.float64",
      "value": 188.09999752044678
    },
    {
      "dtype": "float64",
      "py/object": "numpy.float64",
      "value": 163.2333345413208
    },
    {
      "dtype": "float64",
      "py/object": "numpy.float64",
      "value": 188.99999904632568
    },
    {
      "dtype": "float64",
      "py/object": "numpy.float64",
      "value": 127.86666774749756
    },
    {
      "dtype": "float64",
      "py/object": "numpy.float64",
      "value": 152.13333225250244
    },
    {
      "dtype": "float64",
      "py/object": "numpy.float64",
      "value": 150.33333683013916
    },
    {
      "dtype": "float64",
      "py/object": "numpy.float64",
      "value": 145.23333549499512
    },
    {
      "dtype": "float64",
      "py/object": "numpy.float64",
      "value": 207.26666641235352
    },
    {
      "dtype": "float64",
      "py/object": "numpy.float64",
      "value": 127.86666774749756
    },
    {
      "dtype": "float64",
      "py/object": "numpy.float64",
      "value": 153.03333187103271
    },
    {
      "dtype": "float64",
      "py/object": "numpy.float64",
      "value": 123.06666660308838
    },
    {
      "dtype": "float64",
      "py/object": "numpy.float64",
      "value": 122.46666812896729
    },
    {
      "dtype": "float64",
      "py/object": "numpy.float64",
      "value": 264.2333345413208
    },
    {
      "dtype": "float64",
      "py/object": "numpy.float64",
      "value": 149.73333263397217
    },
    {
      "dtype": "float64",
      "py/object": "numpy.float64",
      "value": 150.33333110809326
    },
    {
      "dtype": "float64",
      "py/object": "numpy.float64",
      "value": 158.13333415985107
    },
    {
      "dtype": "float64",
      "py/object": "numpy.float64",
      "value": 152.13333225250244
    },
    {
      "dtype": "float64",
      "py/object": "numpy.float64",
      "value": 127.86666774749756
    },
    {
      "dtype": "float64",
      "py/object": "numpy.float64",
      "value": 190.8000020980835
    },
    {
      "dtype": "float64",
      "py/object": "numpy.float64",
      "value": 119.76666736602783
    },
    {
      "dtype": "float64",
      "py/object": "numpy.float64",
      "value": 192.30000019073486
    },
    {
      "dtype": "float64",
      "py/object": "numpy.float64",
      "value": 185.0999994277954
    },
    {
      "dtype": "float64",
      "py/object": "numpy.float64",
      "value": 195.30000019073486
    },
    {
      "dtype": "float64",
      "py/object": "numpy.float64",
      "value": 173.99999809265137
    },
    {
      "dtype": "float64",
      "py/object": "numpy.float64",
      "value": 149.13333225250244
    },
    {
      "dtype": "float64",
      "py/object": "numpy.float64",
      "value": 177.29999828338623
    },
    {
      "dtype": "float64",
      "py/object": "numpy.float64",
      "value": 153.63333415985107
    },
    {
      "dtype": "float64",
      "py/object": "numpy.float64",
      "value": 159.33333110809326
    },
    {
      "dtype": "float64",
      "py/object": "numpy.float64",
      "value": 145.83333110809326
    },
    {
      "dtype": "float64",
      "py/object": "numpy.float64",
      "value": 191.40000247955322
    },
    {
      "dtype": "float64",
      "py/object": "numpy.float64",
      "value": 125.1666669845581
    },
    {
      "dtype": "float64",
      "py/object": "numpy.float64",
      "value": 134.7333345413208
    },
    {
      "dtype": "float64",
      "py/object": "numpy.float64",
      "value": 126.66666507720947
    },
    {
      "dtype": "float64",
      "py/object": "numpy.float64",
      "value": 126.66666507720947
    },
    {
      "dtype": "float64",
      "py/object": "numpy.float64",
      "value": 199.76666355133057
    },
    {
      "dtype": "float64",
      "py/object": "numpy.float64",
      "value": 174.5999994277954
    },
    {
      "dtype": "float64",
      "py/object": "numpy.float64",
      "value": 155.13333415985107
    },
    {
      "dtype": "float64",
      "py/object": "numpy.float64",
      "value": 211.16666412353516
    },
    {
      "dtype": "float64",
      "py/object": "numpy.float64",
      "value": 147.63333415985107
    },
    {
      "dtype": "float64",
      "py/object": "numpy.float64",
      "value": 127.86666774749756
    },
    {
      "dtype": "float64",
      "py/object": "numpy.float64",
      "value": 172.5
    },
    {
      "dtype": "float64",
      "py/object": "numpy.float64",
      "value": 225.26666736602783
    },
    {
      "dtype": "float64",
      "py/object": "numpy.float64",
      "value": 126.66666507720947
    },
    {
      "dtype": "float64",
      "py/object": "numpy.float64",
      "value": 183.60000324249268
    },
    {
      "dtype": "float64",
      "py/object": "numpy.float64",
      "value": 121.26666736602783
    },
    {
      "dtype": "float64",
      "py/object": "numpy.float64",
      "value": 158.13333415985107
    },
    {
      "dtype": "float64",
      "py/object": "numpy.float64",
      "value": 156.63333415985107
    },
    {
      "dtype": "float64",
      "py/object": "numpy.float64",
      "value": 177.29999923706055
    },
    {
      "dtype": "float64",
      "py/object": "numpy.float64",
      "value": 122.46666812896729
    },
    {
      "dtype": "float64",
      "py/object": "numpy.float64",
      "value": 151.53333377838135
    },
    {
      "dtype": "float64",
      "py/object": "numpy.float64",
      "value": 155.433331489563
    },
    {
      "dtype": "float64",
      "py/object": "numpy.float64",
      "value": 153.63333415985107
    },
    {
      "dtype": "float64",
      "py/object": "numpy.float64",
      "value": 155.433331489563
    },
    {
      "dtype": "float64",
      "py/object": "numpy.float64",
      "value": 151.53332996368408
    },
    {
      "dtype": "float64",
      "py/object": "numpy.float64",
      "value": 126.66666507720947
    },
    {
      "dtype": "float64",
      "py/object": "numpy.float64",
      "value": 156.63333415985107
    },
    {
      "dtype": "float64",
      "py/object": "numpy.float64",
      "value": 176.69999980926514
    }
  ],
  "agent_0_individual_reward_T": [
    7,
    7,
    7,
    7,
    7,
    7,
    7,
    7,
    7,
    7,
    7,
    7,
    7,
    7,
    7,
    7,
    7,
    7,
    7,
    7,
    7,
    7,
    7,
    7,
    7,
    7,
    7,
    7,
    7,
    7,
    7,
    7,
    7,
    7,
    7,
    7,
    7,
    7,
    7,
    7,
    7,
    7,
    7,
    7,
    7,
    7,
    7,
    7,
    7,
    7,
    7,
    7,
    7,
    7,
    7,
    7,
    7,
    7,
    7,
    7,
    7,
    7,
    7,
    7,
    7,
    7,
    7,
    7,
    7,
    7,
    7,
    7,
    7,
    7,
    7,
    7,
    7,
    7,
    7,
    7,
    7,
    7,
    7,
    7,
    7,
    7,
    7,
    7,
    7,
    7,
    7,
    7,
    7,
    7,
    7,
    7,
    7,
    7,
    7,
    7,
    7,
    13,
    21,
    27,
    34,
    41,
    49,
    55,
    62,
    69,
    76,
    83,
    90,
    96,
    103,
    111
  ],
  "agent_0_return_mean": [
    {
      "dtype": "float64",
      "py/object": "numpy.float64",
      "value": 151.23333072662354
    }
  ],
  "agent_0_return_mean_T": [
    7
  ],
  "agent_0_return_std": [
    {
      "dtype": "float64",
      "py/object": "numpy.float64",
      "value": 0.0
    }
  ],
  "agent_0_return_std_T": [
    7
  ],
  "agent_1_individual_reward": [
    {
      "dtype": "float64",
      "py/object": "numpy.float64",
      "value": 207.58333587646484
    },
    {
      "dtype": "float64",
      "py/object": "numpy.float64",
      "value": 222.58333587646484
    },
    {
      "dtype": "float64",
      "py/object": "numpy.float64",
      "value": 288.0
    },
    {
      "dtype": "float64",
      "py/object": "numpy.float64",
      "value": 169.16666793823242
    },
    {
      "dtype": "float64",
      "py/object": "numpy.float64",
      "value": 279.75
    },
    {
      "dtype": "float64",
      "py/object": "numpy.float64",
      "value": 222.58333587646484
    },
    {
      "dtype": "float64",
      "py/object": "numpy.float64",
      "value": 223.33333587646484
    },
    {
      "dtype": "float64",
      "py/object": "numpy.float64",
      "value": 233.08333206176758
    },
    {
      "dtype": "float64",
      "py/object": "numpy.float64",
      "value": 292.5
    },
    {
      "dtype": "float64",
      "py/object": "numpy.float64",
      "value": 236.08333206176758
    },
    {
      "dtype": "float64",
      "py/object": "numpy.float64",
      "value": 364.66666412353516
    },
    {
      "dtype": "float64",
      "py/object": "numpy.float64",
      "value": 375.16666412353516
    },
    {
      "dtype": "float64",
      "py/object": "numpy.float64",
      "value": 254.25000095367432
    },
    {
      "dtype": "float64",
      "py/object": "numpy.float64",
      "value": 230.83333206176758
    },
    {
      "dtype": "float64",
      "py/object": "numpy.float64",
      "value": 169.16666793823242
    },
    {
      "dtype": "float64",
      "py/object": "numpy.float64",
      "value": 166.91666793823242
    },
    {
      "dtype": "float64",
      "py/object": "numpy.float64",
      "value": 163.91666793823242
    },
    {
      "dtype": "float64",
      "py/object": "numpy.float64",
      "value": 285.0
    },
    {
      "dtype": "float64",
      "py/object": "numpy.float64",
      "value": 252.74999904632568
    },
    {
      "dtype": "float64",
      "py/object": "numpy.float64",
      "value": 160.16666793823242
    },
    {
      "dtype": "float64",
      "py/object": "numpy.float64",
      "value": 281.25
    },
    {
      "dtype": "float64",
      "py/object": "numpy.float64",
      "value": 367.66666412353516
    },
    {
      "dtype": "float64",
      "py/object": "numpy.float64",
      "value": 221.08333587646484
    },
    {
      "dtype": "float64",
      "py/object": "numpy.float64",
      "value": 169.16666793823242
    },
    {
      "dtype": "float64",
      "py/object": "numpy.float64",
      "value": 158.66666793823242
    },
    {
      "dtype": "float64",
      "py/object": "numpy.float64",
      "value": 227.08333206176758
    },
    {
      "dtype": "float64",
      "py/object": "numpy.float64",
      "value": 229.33333587646484
    },
    {
      "dtype": "float64",
      "py/object": "numpy.float64",
      "value": 225.58333587646484
    },
    {
      "dtype": "float64",
      "py/object": "numpy.float64",
      "value": 166.91666793823242
    },
    {
      "dtype": "float64",
      "py/object": "numpy.float64",
      "value": 167.66666793823242
    },
    {
      "dtype": "float64",
      "py/object": "numpy.float64",
      "value": 267.0
    },
    {
      "dtype": "float64",
      "py/object": "numpy.float64",
      "value": 227.08333206176758
    },
    {
      "dtype": "float64",
      "py/object": "numpy.float64",
      "value": 160.16666793823242
    },
    {
      "dtype": "float64",
      "py/object": "numpy.float64",
      "value": 274.5
    },
    {
      "dtype": "float64",
      "py/object": "numpy.float64",
      "value": 220.33333587646484
    },
    {
      "dtype": "float64",
      "py/object": "numpy.float64",
      "value": 282.75
    },
    {
      "dtype": "float64",
      "py/object": "numpy.float64",
      "value": 232.33333206176758
    },
    {
      "dtype": "float64",
      "py/object": "numpy.float64",
      "value": 296.25
    },
    {
      "dtype": "float64",
      "py/object": "numpy.float64",
      "value": 271.5
    },
    {
      "dtype": "float64",
      "py/object": "numpy.float64",
      "value": 151.91666793823242
    },
    {
      "dtype": "float64",
      "py/object": "numpy.float64",
      "value": 455.5833282470703
    },
    {
      "dtype": "float64",
      "py/object": "numpy.float64",
      "value": 220.33333587646484
    },
    {
      "dtype": "float64",
      "py/object": "numpy.float64",
      "value": 166.91666793823242
    },
    {
      "dtype": "float64",
      "py/object": "numpy.float64",
      "value": 221.08333587646484
    },
    {
      "dtype": "float64",
      "py/object": "numpy.float64",
      "value": 223.33333587646484
    },
    {
      "dtype": "float64",
      "py/object": "numpy.float64",
      "value": 201.58333587646484
    },
    {
      "dtype": "float64",
      "py/object": "numpy.float64",
      "value": 275.2500009536743
    },
    {
      "dtype": "float64",
      "py/object": "numpy.float64",
      "value": 224.08333587646484
    },
    {
      "dtype": "float64",
      "py/object": "numpy.float64",
      "value": 288.0
    },
    {
      "dtype": "float64",
      "py/object": "numpy.float64",
      "value": 232.33333206176758
    },
    {
      "dtype": "float64",
      "py/object": "numpy.float64",
      "value": 218.83333587646484
    },
    {
      "dtype": "float64",
      "py/object": "numpy.float64",
      "value": 232.33333206176758
    },
    {
      "dtype": "float64",
      "py/object": "numpy.float64",
      "value": 276.7500009536743
    },
    {
      "dtype": "float64",
      "py/object": "numpy.float64",
      "value": 169.16666793823242
    },
    {
      "dtype": "float64",
      "py/object": "numpy.float64",
      "value": 315.1666669845581
    },
    {
      "dtype": "float64",
      "py/object": "numpy.float64",
      "value": 363.16666412353516
    },
    {
      "dtype": "float64",
      "py/object": "numpy.float64",
      "value": 232.33333206176758
    },
    {
      "dtype": "float64",
      "py/object": "numpy.float64",
      "value": 215.08333587646484
    },
    {
      "dtype": "float64",
      "py/object": "numpy.float64",
      "value": 232.33333206176758
    },
    {
      "dtype": "float64",
      "py/object": "numpy.float64",
      "value": 289.5
    },
    {
      "dtype": "float64",
      "py/object": "numpy.float64",
      "value": 234.58333206176758
    },
    {
      "dtype": "float64",
      "py/object": "numpy.float64",
      "value": 297.0
    },
    {
      "dtype": "float64",
      "py/object": "numpy.float64",
      "value": 167.66666793823242
    },
    {
      "dtype": "float64",
      "py/object": "numpy.float64",
      "value": 224.08333587646484
    },
    {
      "dtype": "float64",
      "py/object": "numpy.float64",
      "value": 218.83333587646484
    },
    {
      "dtype": "float64",
      "py/object": "numpy.float64",
      "value": 192.58333683013916
    },
    {
      "dtype": "float64",
      "py/object": "numpy.float64",
      "value": 330.91666316986084
    },
    {
      "dtype": "float64",
      "py/object": "numpy.float64",
      "value": 167.66666793823242
    },
    {
      "dtype": "float64",
      "py/object": "numpy.float64",
      "value": 216.58333587646484
    },
    {
      "dtype": "float64",
      "py/object": "numpy.float64",
      "value": 160.16666793823242
    },
    {
      "dtype": "float64",
      "py/object": "numpy.float64",
      "value": 169.16666793823242
    },
    {
      "dtype": "float64",
      "py/object": "numpy.float64",
      "value": 438.3333282470703
    },
    {
      "dtype": "float64",
      "py/object": "numpy.float64",
      "value": 220.33333587646484
    },
    {
      "dtype": "float64",
      "py/object": "numpy.float64",
      "value": 217.33333587646484
    },
    {
      "dtype": "float64",
      "py/object": "numpy.float64",
      "value": 234.58333206176758
    },
    {
      "dtype": "float64",
      "py/object": "numpy.float64",
      "value": 224.08333587646484
    },
    {
      "dtype": "float64",
      "py/object": "numpy.float64",
      "value": 166.91666793823242
    },
    {
      "dtype": "float64",
      "py/object": "numpy.float64",
      "value": 296.25
    },
    {
      "dtype": "float64",
      "py/object": "numpy.float64",
      "value": 163.91666793823242
    },
    {
      "dtype": "float64",
      "py/object": "numpy.float64",
      "value": 288.75
    },
    {
      "dtype": "float64",
      "py/object": "numpy.float64",
      "value": 284.25
    },
    {
      "dtype": "float64",
      "py/object": "numpy.float64",
      "value": 303.0
    },
    {
      "dtype": "float64",
      "py/object": "numpy.float64",
      "value": 264.0000009536743
    },
    {
      "dtype": "float64",
      "py/object": "numpy.float64",
      "value": 214.33333587646484
    },
    {
      "dtype": "float64",
      "py/object": "numpy.float64",
      "value": 270.75
    },
    {
      "dtype": "float64",
      "py/object": "numpy.float64",
      "value": 224.83333587646484
    },
    {
      "dtype": "float64",
      "py/object": "numpy.float64",
      "value": 234.58333206176758
    },
    {
      "dtype": "float64",
      "py/object": "numpy.float64",
      "value": 210.58333587646484
    },
    {
      "dtype": "float64",
      "py/object": "numpy.float64",
      "value": 294.75
    },
    {
      "dtype": "float64",
      "py/object": "numpy.float64",
      "value": 163.91666793823242
    },
    {
      "dtype": "float64",
      "py/object": "numpy.float64",
      "value": 187.33333492279053
    },
    {
      "dtype": "float64",
      "py/object": "numpy.float64",
      "value": 166.91666793823242
    },
    {
      "dtype": "float64",
      "py/object": "numpy.float64",
      "value": 165.41666793823242
    },
    {
      "dtype": "float64",
      "py/object": "numpy.float64",
      "value": 306.9166669845581
    },
    {
      "dtype": "float64",
      "py/object": "numpy.float64",
      "value": 265.5
    },
    {
      "dtype": "float64",
      "py/object": "numpy.float64",
      "value": 216.58333587646484
    },
    {
      "dtype": "float64",
      "py/object": "numpy.float64",
      "value": 324.9166660308838
    },
    {
      "dtype": "float64",
      "py/object": "numpy.float64",
      "value": 214.33333587646484
    },
    {
      "dtype": "float64",
      "py/object": "numpy.float64",
      "value": 165.41666793823242
    },
    {
      "dtype": "float64",
      "py/object": "numpy.float64",
      "value": 256.49999809265137
    },
    {
      "dtype": "float64",
      "py/object": "numpy.float64",
      "value": 363.16666412353516
    },
    {
      "dtype": "float64",
      "py/object": "numpy.float64",
      "value": 166.91666793823242
    },
    {
      "dtype": "float64",
      "py/object": "numpy.float64",
      "value": 277.5
    },
    {
      "dtype": "float64",
      "py/object": "numpy.float64",
      "value": 156.41666793823242
    },
    {
      "dtype": "float64",
      "py/object": "numpy.float64",
      "value": 236.08333206176758
    },
    {
      "dtype": "float64",
      "py/object": "numpy.float64",
      "value": 231.58333206176758
    },
    {
      "dtype": "float64",
      "py/object": "numpy.float64",
      "value": 271.5000009536743
    },
    {
      "dtype": "float64",
      "py/object": "numpy.float64",
      "value": 169.16666793823242
    },
    {
      "dtype": "float64",
      "py/object": "numpy.float64",
      "value": 221.08333587646484
    },
    {
      "dtype": "float64",
      "py/object": "numpy.float64",
      "value": 230.83333206176758
    },
    {
      "dtype": "float64",
      "py/object": "numpy.float64",
      "value": 223.33333587646484
    },
    {
      "dtype": "float64",
      "py/object": "numpy.float64",
      "value": 221.83333587646484
    },
    {
      "dtype": "float64",
      "py/object": "numpy.float64",
      "value": 210.58333587646484
    },
    {
      "dtype": "float64",
      "py/object": "numpy.float64",
      "value": 166.91666793823242
    },
    {
      "dtype": "float64",
      "py/object": "numpy.float64",
      "value": 233.08333206176758
    },
    {
      "dtype": "float64",
      "py/object": "numpy.float64",
      "value": 272.25
    }
  ],
  "agent_1_individual_reward_T": [
    7,
    7,
    7,
    7,
    7,
    7,
    7,
    7,
    7,
    7,
    7,
    7,
    7,
    7,
    7,
    7,
    7,
    7,
    7,
    7,
    7,
    7,
    7,
    7,
    7,
    7,
    7,
    7,
    7,
    7,
    7,
    7,
    7,
    7,
    7,
    7,
    7,
    7,
    7,
    7,
    7,
    7,
    7,
    7,
    7,
    7,
    7,
    7,
    7,
    7,
    7,
    7,
    7,
    7,
    7,
    7,
    7,
    7,
    7,
    7,
    7,
    7,
    7,
    7,
    7,
    7,
    7,
    7,
    7,
    7,
    7,
    7,
    7,
    7,
    7,
    7,
    7,
    7,
    7,
    7,
    7,
    7,
    7,
    7,
    7,
    7,
    7,
    7,
    7,
    7,
    7,
    7,
    7,
    7,
    7,
    7,
    7,
    7,
    7,
    7,
    7,
    13,
    21,
    27,
    34,
    41,
    49,
    55,
    62,
    69,
    76,
    83,
    90,
    96,
    103,
    111
  ],
  "agent_1_return_mean": [
    {
      "dtype": "float64",
      "py/object": "numpy.float64",
      "value": 207.58333587646484
    }
  ],
  "agent_1_return_mean_T": [
    7
  ],
  "agent_1_return_std": [
    {
      "dtype": "float64",
      "py/object": "numpy.float64",
      "value": 0.0
    }
  ],
  "agent_1_return_std_T": [
    7
  ],
  "agent_2_individual_reward": [
    {
      "dtype": "float64",
      "py/object": "numpy.float64",
      "value": 314.93333435058594
    },
    {
      "dtype": "float64",
      "py/object": "numpy.float64",
      "value": 340.13333892822266
    },
    {
      "dtype": "float64",
      "py/object": "numpy.float64",
      "value": 446.70000076293945
    },
    {
      "dtype": "float64",
      "py/object": "numpy.float64",
      "value": 257.56666564941406
    },
    {
      "dtype": "float64",
      "py/object": "numpy.float64",
      "value": 395.0999994277954
    },
    {
      "dtype": "float64",
      "py/object": "numpy.float64",
      "value": 338.93334007263184
    },
    {
      "dtype": "float64",
      "py/object": "numpy.float64",
      "value": 342.5333366394043
    },
    {
      "dtype": "float64",
      "py/object": "numpy.float64",
      "value": 336.53333282470703
    },
    {
      "dtype": "float64",
      "py/object": "numpy.float64",
      "value": 455.10000228881836
    },
    {
      "dtype": "float64",
      "py/object": "numpy.float64",
      "value": 341.3333282470703
    },
    {
      "dtype": "float64",
      "py/object": "numpy.float64",
      "value": 562.8666749000549
    },
    {
      "dtype": "float64",
      "py/object": "numpy.float64",
      "value": 584.4666786193848
    },
    {
      "dtype": "float64",
      "py/object": "numpy.float64",
      "value": 396.30000019073486
    },
    {
      "dtype": "float64",
      "py/object": "numpy.float64",
      "value": 336.53333282470703
    },
    {
      "dtype": "float64",
      "py/object": "numpy.float64",
      "value": 257.56666564941406
    },
    {
      "dtype": "float64",
      "py/object": "numpy.float64",
      "value": 253.96666717529297
    },
    {
      "dtype": "float64",
      "py/object": "numpy.float64",
      "value": 249.16666412353516
    },
    {
      "dtype": "float64",
      "py/object": "numpy.float64",
      "value": 410.6999931335449
    },
    {
      "dtype": "float64",
      "py/object": "numpy.float64",
      "value": 389.1000089645386
    },
    {
      "dtype": "float64",
      "py/object": "numpy.float64",
      "value": 240.76666831970215
    },
    {
      "dtype": "float64",
      "py/object": "numpy.float64",
      "value": 421.5
    },
    {
      "dtype": "float64",
      "py/object": "numpy.float64",
      "value": 546.0666694641113
    },
    {
      "dtype": "float64",
      "py/object": "numpy.float64",
      "value": 343.7333354949951
    },
    {
      "dtype": "float64",
      "py/object": "numpy.float64",
      "value": 257.56666564941406
    },
    {
      "dtype": "float64",
      "py/object": "numpy.float64",
      "value": 240.76666831970215
    },
    {
      "dtype": "float64",
      "py/object": "numpy.float64",
      "value": 330.53334045410156
    },
    {
      "dtype": "float64",
      "py/object": "numpy.float64",
      "value": 347.33333587646484
    },
    {
      "dtype": "float64",
      "py/object": "numpy.float64",
      "value": 350.93333435058594
    },
    {
      "dtype": "float64",
      "py/object": "numpy.float64",
      "value": 253.96666717529297
    },
    {
      "dtype": "float64",
      "py/object": "numpy.float64",
      "value": 255.16666412353516
    },
    {
      "dtype": "float64",
      "py/object": "numpy.float64",
      "value": 389.0999984741211
    },
    {
      "dtype": "float64",
      "py/object": "numpy.float64",
      "value": 320.9333305358887
    },
    {
      "dtype": "float64",
      "py/object": "numpy.float64",
      "value": 243.16666984558105
    },
    {
      "dtype": "float64",
      "py/object": "numpy.float64",
      "value": 428.7000102996826
    },
    {
      "dtype": "float64",
      "py/object": "numpy.float64",
      "value": 319.73333740234375
    },
    {
      "dtype": "float64",
      "py/object": "numpy.float64",
      "value": 417.9000072479248
    },
    {
      "dtype": "float64",
      "py/object": "numpy.float64",
      "value": 359.3333282470703
    },
    {
      "dtype": "float64",
      "py/object": "numpy.float64",
      "value": 441.8999996185303
    },
    {
      "dtype": "float64",
      "py/object": "numpy.float64",
      "value": 413.1000089645386
    },
    {
      "dtype": "float64",
      "py/object": "numpy.float64",
      "value": 225.16666316986084
    },
    {
      "dtype": "float64",
      "py/object": "numpy.float64",
      "value": 701.8333339691162
    },
    {
      "dtype": "float64",
      "py/object": "numpy.float64",
      "value": 336.53333282470703
    },
    {
      "dtype": "float64",
      "py/object": "numpy.float64",
      "value": 246.76667022705078
    },
    {
      "dtype": "float64",
      "py/object": "numpy.float64",
      "value": 340.133337020874
    },
    {
      "dtype": "float64",
      "py/object": "numpy.float64",
      "value": 347.33333587646484
    },
    {
      "dtype": "float64",
      "py/object": "numpy.float64",
      "value": 292.133339881897
    },
    {
      "dtype": "float64",
      "py/object": "numpy.float64",
      "value": 408.3000054359436
    },
    {
      "dtype": "float64",
      "py/object": "numpy.float64",
      "value": 348.5333366394043
    },
    {
      "dtype": "float64",
      "py/object": "numpy.float64",
      "value": 445.5000057220459
    },
    {
      "dtype": "float64",
      "py/object": "numpy.float64",
      "value": 353.3333282470703
    },
    {
      "dtype": "float64",
      "py/object": "numpy.float64",
      "value": 331.7333335876465
    },
    {
      "dtype": "float64",
      "py/object": "numpy.float64",
      "value": 361.7333297729492
    },
    {
      "dtype": "float64",
      "py/object": "numpy.float64",
      "value": 410.70001316070557
    },
    {
      "dtype": "float64",
      "py/object": "numpy.float64",
      "value": 257.56666564941406
    },
    {
      "dtype": "float64",
      "py/object": "numpy.float64",
      "value": 450.06666564941406
    },
    {
      "dtype": "float64",
      "py/object": "numpy.float64",
      "value": 553.2666683197021
    },
    {
      "dtype": "float64",
      "py/object": "numpy.float64",
      "value": 361.7333297729492
    },
    {
      "dtype": "float64",
      "py/object": "numpy.float64",
      "value": 310.13333892822266
    },
    {
      "dtype": "float64",
      "py/object": "numpy.float64",
      "value": 361.7333297729492
    },
    {
      "dtype": "float64",
      "py/object": "numpy.float64",
      "value": 428.70000076293945
    },
    {
      "dtype": "float64",
      "py/object": "numpy.float64",
      "value": 354.53333282470703
    },
    {
      "dtype": "float64",
      "py/object": "numpy.float64",
      "value": 434.70000076293945
    },
    {
      "dtype": "float64",
      "py/object": "numpy.float64",
      "value": 255.16666412353516
    },
    {
      "dtype": "float64",
      "py/object": "numpy.float64",
      "value": 325.7333335876465
    },
    {
      "dtype": "float64",
      "py/object": "numpy.float64",
      "value": 340.133337020874
    },
    {
      "dtype": "float64",
      "py/object": "numpy.float64",
      "value": 298.1333312988281
    },
    {
      "dtype": "float64",
      "py/object": "numpy.float64",
      "value": 470.4666714668274
    },
    {
      "dtype": "float64",
      "py/object": "numpy.float64",
      "value": 255.16666412353516
    },
    {
      "dtype": "float64",
      "py/object": "numpy.float64",
      "value": 331.7333335876465
    },
    {
      "dtype": "float64",
      "py/object": "numpy.float64",
      "value": 243.16666793823242
    },
    {
      "dtype": "float64",
      "py/object": "numpy.float64",
      "value": 253.96666717529297
    },
    {
      "dtype": "float64",
      "py/object": "numpy.float64",
      "value": 687.4333372116089
    },
    {
      "dtype": "float64",
      "py/object": "numpy.float64",
      "value": 330.53333854675293
    },
    {
      "dtype": "float64",
      "py/object": "numpy.float64",
      "value": 300.5333390235901
    },
    {
      "dtype": "float64",
      "py/object": "numpy.float64",
      "value": 361.7333297729492
    },
    {
      "dtype": "float64",
      "py/object": "numpy.float64",
      "value": 314.93333435058594
    },
    {
      "dtype": "float64",
      "py/object": "numpy.float64",
      "value": 251.56666564941406
    },
    {
      "dtype": "float64",
      "py/object": "numpy.float64",
      "value": 444.30000495910645
    },
    {
      "dtype": "float64",
      "py/object": "numpy.float64",
      "value": 249.16666412353516
    },
    {
      "dtype": "float64",
      "py/object": "numpy.float64",
      "value": 439.50000286102295
    },
    {
      "dtype": "float64",
      "py/object": "numpy.float64",
      "value": 438.3000011444092
    },
    {
      "dtype": "float64",
      "py/object": "numpy.float64",
      "value": 469.5
    },
    {
      "dtype": "float64",
      "py/object": "numpy.float64",
      "value": 374.7000069618225
    },
    {
      "dtype": "float64",
      "py/object": "numpy.float64",
      "value": 310.13332653045654
    },
    {
      "dtype": "float64",
      "py/object": "numpy.float64",
      "value": 416.7000102996826
    },
    {
      "dtype": "float64",
      "py/object": "numpy.float64",
      "value": 318.5333309173584
    },
    {
      "dtype": "float64",
      "py/object": "numpy.float64",
      "value": 361.7333297729492
    },
    {
      "dtype": "float64",
      "py/object": "numpy.float64",
      "value": 289.73333978652954
    },
    {
      "dtype": "float64",
      "py/object": "numpy.float64",
      "value": 459.9000053405762
    },
    {
      "dtype": "float64",
      "py/object": "numpy.float64",
      "value": 246.76667022705078
    },
    {
      "dtype": "float64",
      "py/object": "numpy.float64",
      "value": 256.1333394050598
    },
    {
      "dtype": "float64",
      "py/object": "numpy.float64",
      "value": 251.56666564941406
    },
    {
      "dtype": "float64",
      "py/object": "numpy.float64",
      "value": 246.76667022705078
    },
    {
      "dtype": "float64",
      "py/object": "numpy.float64",
      "value": 444.0666661262512
    },
    {
      "dtype": "float64",
      "py/object": "numpy.float64",
      "value": 402.29999828338623
    },
    {
      "dtype": "float64",
      "py/object": "numpy.float64",
      "value": 324.53333854675293
    },
    {
      "dtype": "float64",
      "py/object": "numpy.float64",
      "value": 506.4666757583618
    },
    {
      "dtype": "float64",
      "py/object": "numpy.float64",
      "value": 294.53334283828735
    },
    {
      "dtype": "float64",
      "py/object": "numpy.float64",
      "value": 251.56666564941406
    },
    {
      "dtype": "float64",
      "py/object": "numpy.float64",
      "value": 385.50000381469727
    },
    {
      "dtype": "float64",
      "py/object": "numpy.float64",
      "value": 574.8666744232178
    },
    {
      "dtype": "float64",
      "py/object": "numpy.float64",
      "value": 251.56666564941406
    },
    {
      "dtype": "float64",
      "py/object": "numpy.float64",
      "value": 402.29999351501465
    },
    {
      "dtype": "float64",
      "py/object": "numpy.float64",
      "value": 232.36666297912598
    },
    {
      "dtype": "float64",
      "py/object": "numpy.float64",
      "value": 341.3333282470703
    },
    {
      "dtype": "float64",
      "py/object": "numpy.float64",
      "value": 356.93333435058594
    },
    {
      "dtype": "float64",
      "py/object": "numpy.float64",
      "value": 401.10000705718994
    },
    {
      "dtype": "float64",
      "py/object": "numpy.float64",
      "value": 257.56666564941406
    },
    {
      "dtype": "float64",
      "py/object": "numpy.float64",
      "value": 331.73333263397217
    },
    {
      "dtype": "float64",
      "py/object": "numpy.float64",
      "value": 331.733341217041
    },
    {
      "dtype": "float64",
      "py/object": "numpy.float64",
      "value": 347.33333587646484
    },
    {
      "dtype": "float64",
      "py/object": "numpy.float64",
      "value": 320.9333305358887
    },
    {
      "dtype": "float64",
      "py/object": "numpy.float64",
      "value": 318.5333318710327
    },
    {
      "dtype": "float64",
      "py/object": "numpy.float64",
      "value": 251.56666564941406
    },
    {
      "dtype": "float64",
      "py/object": "numpy.float64",
      "value": 336.53333282470703
    },
    {
      "dtype": "float64",
      "py/object": "numpy.float64",
      "value": 417.9000072479248
    }
  ],
  "agent_2_individual_reward_T": [
    7,
    7,
    7,
    7,
    7,
    7,
    7,
    7,
    7,
    7,
    7,
    7,
    7,
    7,
    7,
    7,
    7,
    7,
    7,
    7,
    7,
    7,
    7,
    7,
    7,
    7,
    7,
    7,
    7,
    7,
    7,
    7,
    7,
    7,
    7,
    7,
    7,
    7,
    7,
    7,
    7,
    7,
    7,
    7,
    7,
    7,
    7,
    7,
    7,
    7,
    7,
    7,
    7,
    7,
    7,
    7,
    7,
    7,
    7,
    7,
    7,
    7,
    7,
    7,
    7,
    7,
    7,
    7,
    7,
    7,
    7,
    7,
    7,
    7,
    7,
    7,
    7,
    7,
    7,
    7,
    7,
    7,
    7,
    7,
    7,
    7,
    7,
    7,
    7,
    7,
    7,
    7,
    7,
    7,
    7,
    7,
    7,
    7,
    7,
    7,
    7,
    13,
    21,
    27,
    34,
    41,
    49,
    55,
    62,
    69,
    76,
    83,
    90,
    96,
    103,
    111
  ],
  "agent_2_return_mean": [
    {
      "dtype": "float64",
      "py/object": "numpy.float64",
      "value": 314.93333435058594
    }
  ],
  "agent_2_return_mean_T": [
    7
  ],
  "agent_2_return_std": [
    {
      "dtype": "float64",
      "py/object": "numpy.float64",
      "value": 0.0
    }
  ],
  "agent_2_return_std_T": [
    7
  ],
  "common_reward_value": [
    {
      "dtype": "float64",
      "py/object": "numpy.float64",
      "value": 305.5
    },
    {
      "dtype": "float64",
      "py/object": "numpy.float64",
      "value": 317.8
    },
    {
      "dtype": "float64",
      "py/object": "numpy.float64",
      "value": 382.0
    },
    {
      "dtype": "float64",
      "py/object": "numpy.float64",
      "value": 268.9
    },
    {
      "dtype": "float64",
      "py/object": "numpy.float64",
      "value": 322.9
    },
    {
      "dtype": "float64",
      "py/object": "numpy.float64",
      "value": 317.8
    },
    {
      "dtype": "float64",
      "py/object": "numpy.float64",
      "value": 318.4
    },
    {
      "dtype": "float64",
      "py/object": "numpy.float64",
      "value": 295.0
    },
    {
      "dtype": "float64",
      "py/object": "numpy.float64",
      "value": 378.70000000000005
    },
    {
      "dtype": "float64",
      "py/object": "numpy.float64",
      "value": 299.5
    },
    {
      "dtype": "float64",
      "py/object": "numpy.float64",
      "value": 438.70000000000005
    },
    {
      "dtype": "float64",
      "py/object": "numpy.float64",
      "value": 442.30000000000007
    },
    {
      "dtype": "float64",
      "py/object": "numpy.float64",
      "value": 338.8
    },
    {
      "dtype": "float64",
      "py/object": "numpy.float64",
      "value": 292.9
    },
    {
      "dtype": "float64",
      "py/object": "numpy.float64",
      "value": 268.9
    },
    {
      "dtype": "float64",
      "py/object": "numpy.float64",
      "value": 263.8
    },
    {
      "dtype": "float64",
      "py/object": "numpy.float64",
      "value": 259.9
    },
    {
      "dtype": "float64",
      "py/object": "numpy.float64",
      "value": 331.9
    },
    {
      "dtype": "float64",
      "py/object": "numpy.float64",
      "value": 338.8
    },
    {
      "dtype": "float64",
      "py/object": "numpy.float64",
      "value": 262.6
    },
    {
      "dtype": "float64",
      "py/object": "numpy.float64",
      "value": 362.5
    },
    {
      "dtype": "float64",
      "py/object": "numpy.float64",
      "value": 393.40000000000003
    },
    {
      "dtype": "float64",
      "py/object": "numpy.float64",
      "value": 320.8
    },
    {
      "dtype": "float64",
      "py/object": "numpy.float64",
      "value": 268.3
    },
    {
      "dtype": "float64",
      "py/object": "numpy.float64",
      "value": 260.5
    },
    {
      "dtype": "float64",
      "py/object": "numpy.float64",
      "value": 287.79999999999995
    },
    {
      "dtype": "float64",
      "py/object": "numpy.float64",
      "value": 325.0
    },
    {
      "dtype": "float64",
      "py/object": "numpy.float64",
      "value": 324.70000000000005
    },
    {
      "dtype": "float64",
      "py/object": "numpy.float64",
      "value": 264.4
    },
    {
      "dtype": "float64",
      "py/object": "numpy.float64",
      "value": 274.0
    },
    {
      "dtype": "float64",
      "py/object": "numpy.float64",
      "value": 311.5
    },
    {
      "dtype": "float64",
      "py/object": "numpy.float64",
      "value": 283.0
    },
    {
      "dtype": "float64",
      "py/object": "numpy.float64",
      "value": 254.8
    },
    {
      "dtype": "float64",
      "py/object": "numpy.float64",
      "value": 361.3
    },
    {
      "dtype": "float64",
      "py/object": "numpy.float64",
      "value": 279.4
    },
    {
      "dtype": "float64",
      "py/object": "numpy.float64",
      "value": 332.8
    },
    {
      "dtype": "float64",
      "py/object": "numpy.float64",
      "value": 341.5
    },
    {
      "dtype": "float64",
      "py/object": "numpy.float64",
      "value": 350.8
    },
    {
      "dtype": "float64",
      "py/object": "numpy.float64",
      "value": 355.3
    },
    {
      "dtype": "float64",
      "py/object": "numpy.float64",
      "value": 248.5
    },
    {
      "dtype": "float64",
      "py/object": "numpy.float64",
      "value": 494.80000000000007
    },
    {
      "dtype": "float64",
      "py/object": "numpy.float64",
      "value": 312.70000000000005
    },
    {
      "dtype": "float64",
      "py/object": "numpy.float64",
      "value": 268.6
    },
    {
      "dtype": "float64",
      "py/object": "numpy.float64",
      "value": 317.20000000000005
    },
    {
      "dtype": "float64",
      "py/object": "numpy.float64",
      "value": 320.8
    },
    {
      "dtype": "float64",
      "py/object": "numpy.float64",
      "value": 292.6
    },
    {
      "dtype": "float64",
      "py/object": "numpy.float64",
      "value": 372.1
    },
    {
      "dtype": "float64",
      "py/object": "numpy.float64",
      "value": 320.20000000000005
    },
    {
      "dtype": "float64",
      "py/object": "numpy.float64",
      "value": 375.70000000000005
    },
    {
      "dtype": "float64",
      "py/object": "numpy.float64",
      "value": 328.90000000000003
    },
    {
      "dtype": "float64",
      "py/object": "numpy.float64",
      "value": 315.40000000000003
    },
    {
      "dtype": "float64",
      "py/object": "numpy.float64",
      "value": 334.3
    },
    {
      "dtype": "float64",
      "py/object": "numpy.float64",
      "value": 332.8
    },
    {
      "dtype": "float64",
      "py/object": "numpy.float64",
      "value": 268.3
    },
    {
      "dtype": "float64",
      "py/object": "numpy.float64",
      "value": 345.4
    },
    {
      "dtype": "float64",
      "py/object": "numpy.float64",
      "value": 427.30000000000007
    },
    {
      "dtype": "float64",
      "py/object": "numpy.float64",
      "value": 334.3
    },
    {
      "dtype": "float64",
      "py/object": "numpy.float64",
      "value": 270.4
    },
    {
      "dtype": "float64",
      "py/object": "numpy.float64",
      "value": 334.3
    },
    {
      "dtype": "float64",
      "py/object": "numpy.float64",
      "value": 337.90000000000003
    },
    {
      "dtype": "float64",
      "py/object": "numpy.float64",
      "value": 340.6
    },
    {
      "dtype": "float64",
      "py/object": "numpy.float64",
      "value": 343.3
    },
    {
      "dtype": "float64",
      "py/object": "numpy.float64",
      "value": 274.0
    },
    {
      "dtype": "float64",
      "py/object": "numpy.float64",
      "value": 283.3
    },
    {
      "dtype": "float64",
      "py/object": "numpy.float64",
      "value": 315.70000000000005
    },
    {
      "dtype": "float64",
      "py/object": "numpy.float64",
      "value": 294.4
    },
    {
      "dtype": "float64",
      "py/object": "numpy.float64",
      "value": 360.40000000000003
    },
    {
      "dtype": "float64",
      "py/object": "numpy.float64",
      "value": 274.0
    },
    {
      "dtype": "float64",
      "py/object": "numpy.float64",
      "value": 313.30000000000007
    },
    {
      "dtype": "float64",
      "py/object": "numpy.float64",
      "value": 259.9
    },
    {
      "dtype": "float64",
      "py/object": "numpy.float64",
      "value": 265.9
    },
    {
      "dtype": "float64",
      "py/object": "numpy.float64",
      "value": 486.7
    },
    {
      "dtype": "float64",
      "py/object": "numpy.float64",
      "value": 310.3
    },
    {
      "dtype": "float64",
      "py/object": "numpy.float64",
      "value": 274.6
    },
    {
      "dtype": "float64",
      "py/object": "numpy.float64",
      "value": 335.8
    },
    {
      "dtype": "float64",
      "py/object": "numpy.float64",
      "value": 278.5
    },
    {
      "dtype": "float64",
      "py/object": "numpy.float64",
      "value": 271.6
    },
    {
      "dtype": "float64",
      "py/object": "numpy.float64",
      "value": 380.5
    },
    {
      "dtype": "float64",
      "py/object": "numpy.float64",
      "value": 259.3
    },
    {
      "dtype": "float64",
      "py/object": "numpy.float64",
      "value": 383.5
    },
    {
      "dtype": "float64",
      "py/object": "numpy.float64",
      "value": 371.80000000000007
    },
    {
      "dtype": "float64",
      "py/object": "numpy.float64",
      "value": 390.40000000000003
    },
    {
      "dtype": "float64",
      "py/object": "numpy.float64",
      "value": 313.90000000000003
    },
    {
      "dtype": "float64",
      "py/object": "numpy.float64",
      "value": 274.9
    },
    {
      "dtype": "float64",
      "py/object": "numpy.float64",
      "value": 353.20000000000005
    },
    {
      "dtype": "float64",
      "py/object": "numpy.float64",
      "value": 281.5
    },
    {
      "dtype": "float64",
      "py/object": "numpy.float64",
      "value": 336.4
    },
    {
      "dtype": "float64",
      "py/object": "numpy.float64",
      "value": 265.0
    },
    {
      "dtype": "float64",
      "py/object": "numpy.float64",
      "value": 383.8
    },
    {
      "dtype": "float64",
      "py/object": "numpy.float64",
      "value": 266.5
    },
    {
      "dtype": "float64",
      "py/object": "numpy.float64",
      "value": 240.39999999999998
    },
    {
      "dtype": "float64",
      "py/object": "numpy.float64",
      "value": 271.0
    },
    {
      "dtype": "float64",
      "py/object": "numpy.float64",
      "value": 267.1
    },
    {
      "dtype": "float64",
      "py/object": "numpy.float64",
      "value": 343.9
    },
    {
      "dtype": "float64",
      "py/object": "numpy.float64",
      "value": 344.20000000000005
    },
    {
      "dtype": "float64",
      "py/object": "numpy.float64",
      "value": 312.1
    },
    {
      "dtype": "float64",
      "py/object": "numpy.float64",
      "value": 397.3
    },
    {
      "dtype": "float64",
      "py/object": "numpy.float64",
      "value": 269.5
    },
    {
      "dtype": "float64",
      "py/object": "numpy.float64",
      "value": 270.1
    },
    {
      "dtype": "float64",
      "py/object": "numpy.float64",
      "value": 333.4
    },
    {
      "dtype": "float64",
      "py/object": "numpy.float64",
      "value": 435.1
    },
    {
      "dtype": "float64",
      "py/object": "numpy.float64",
      "value": 271.0
    },
    {
      "dtype": "float64",
      "py/object": "numpy.float64",
      "value": 322.0
    },
    {
      "dtype": "float64",
      "py/object": "numpy.float64",
      "value": 253.0
    },
    {
      "dtype": "float64",
      "py/object": "numpy.float64",
      "value": 298.9
    },
    {
      "dtype": "float64",
      "py/object": "numpy.float64",
      "value": 331.3
    },
    {
      "dtype": "float64",
      "py/object": "numpy.float64",
      "value": 323.20000000000005
    },
    {
      "dtype": "float64",
      "py/object": "numpy.float64",
      "value": 268.3
    },
    {
      "dtype": "float64",
      "py/object": "numpy.float64",
      "value": 315.4
    },
    {
      "dtype": "float64",
      "py/object": "numpy.float64",
      "value": 289.9
    },
    {
      "dtype": "float64",
      "py/object": "numpy.float64",
      "value": 320.8
    },
    {
      "dtype": "float64",
      "py/object": "numpy.float64",
      "value": 280.6
    },
    {
      "dtype": "float64",
      "py/object": "numpy.float64",
      "value": 311.5
    },
    {
      "dtype": "float64",
      "py/object": "numpy.float64",
      "value": 271.0
    },
    {
      "dtype": "float64",
      "py/object": "numpy.float64",
      "value": 294.4
    },
    {
      "dtype": "float64",
      "py/object": "numpy.float64",
      "value": 352.6
    }
  ],
  "common_reward_value_T": [
    7,
    7,
    7,
    7,
    7,
    7,
    7,
    7,
    7,
    7,
    7,
    7,
    7,
    7,
    7,
    7,
    7,
    7,
    7,
    7,
    7,
    7,
    7,
    7,
    7,
    7,
    7,
    7,
    7,
    7,
    7,
    7,
    7,
    7,
    7,
    7,
    7,
    7,
    7,
    7,
    7,
    7,
    7,
    7,
    7,
    7,
    7,
    7,
    7,
    7,
    7,
    7,
    7,
    7,
    7,
    7,
    7,
    7,
    7,
    7,
    7,
    7,
    7,
    7,
    7,
    7,
    7,
    7,
    7,
    7,
    7,
    7,
    7,
    7,
    7,
    7,
    7,
    7,
    7,
    7,
    7,
    7,
    7,
    7,
    7,
    7,
    7,
    7,
    7,
    7,
    7,
    7,
    7,
    7,
    7,
    7,
    7,
    7,
    7,
    7,
    7,
    13,
    21,
    27,
    34,
    41,
    49,
    55,
    62,
    69,
    76,
    83,
    90,
    96,
    103,
    111
  ],
  "common_reward_value_mean": [
    {
      "dtype": "float64",
      "py/object": "numpy.float64",
      "value": 305.5
    }
  ],
  "common_reward_value_mean_T": [
    7
  ],
  "env_score_mean": [
    {
      "dtype": "float64",
      "py/object": "numpy.float64",
      "value": 21.666666666666668
    }
  ],
  "env_score_mean_T": [
    7
  ],
  "ep_length_mean": [
    7.0
  ],
  "ep_length_mean_T": [
    7
  ],
  "episode": [
    15
  ],
  "episode_T": [
    103
  ],
  "test_P1_reward_mean": [
    {
      "dtype": "float64",
      "py/object": "numpy.float64",
      "value": 31.607666666666677
    }
  ],
  "test_P1_reward_mean_T": [
    7
  ],
  "test_P2_reward_mean": [
    {
      "dtype": "float64",
      "py/object": "numpy.float64",
      "value": 64.60666666666674
    }
  ],
  "test_P2_reward_mean_T": [
    7
  ],
  "test_P3_reward_mean": [
    {
      "dtype": "float64",
      "py/object": "numpy.float64",
      "value": 98.52666666666664
    }
  ],
  "test_P3_reward_mean_T": [
    7
  ],
  "test_agent_0_return_mean": [
    {
      "dtype": "float64",
      "py/object": "numpy.float64",
      "value": 162.45033315658569
    }
  ],
  "test_agent_0_return_mean_T": [
    7
  ],
  "test_agent_0_return_std": [
    {
      "dtype": "float64",
      "py/object": "numpy.float64",
      "value": 31.88355427148048
    }
  ],
  "test_agent_0_return_std_T": [
    7
  ],
  "test_agent_1_return_mean": [
    {
      "dtype": "float64",
      "py/object": "numpy.float64",
      "value": 239.69083389282227
    }
  ],
  "test_agent_1_return_mean_T": [
    7
  ],
  "test_agent_1_return_std": [
    {
      "dtype": "float64",
      "py/object": "numpy.float64",
      "value": 62.00761064918395
    }
  ],
  "test_agent_1_return_std_T": [
    7
  ],
  "test_agent_2_return_mean": [
    {
      "dtype": "float64",
      "py/object": "numpy.float64",
      "value": 360.5663351678848
    }
  ],
  "test_agent_2_return_mean_T": [
    7
  ],
  "test_agent_2_return_std": [
    {
      "dtype": "float64",
      "py/object": "numpy.float64",
      "value": 96.56838836642838
    }
  ],
  "test_agent_2_return_std_T": [
    7
  ],
  "test_common_reward_value_mean": [
    {
      "dtype": "float64",
      "py/object": "numpy.float64",
      "value": 320.71
    }
  ],
  "test_common_reward_value_mean_T": [
    7
  ],
  "test_env_score_mean": [
    {
      "dtype": "float64",
      "py/object": "numpy.float64",
      "value": 21.66666666666669
    }
  ],
  "test_env_score_mean_T": [
    7
  ],
  "test_ep_length_mean": [
    7.27
  ],
  "test_ep_length_mean_T": [
    7
  ],
  "test_total_return_mean": [
    {
      "dtype": "float64",
      "py/object": "numpy.float64",
      "value": 762.7075022172928
    }
  ],
  "test_total_return_mean_T": [
    7
  ],
  "test_total_return_std": [
    {
      "dtype": "float64",
      "py/object": "numpy.float64",
      "value": 190.0247264367171
    }
  ],
  "test_total_return_std_T": [
    7
  ],
  "total_return_mean": [
    {
      "dtype": "float64",
      "py/object": "numpy.float64",
      "value": 673.7500009536743
    }
  ],
  "total_return_mean_T": [
    7
  ],
  "total_return_std": [
    {
      "dtype": "float64",
      "py/object": "numpy.float64",
      "value": 0.0
    }
  ],
  "total_return_std_T": [
    7
  ]
}