{
  "P1_reward_mean": [
    {
      "dtype": "float64",
      "py/object": "numpy.float64",
      "value": 30.14666666666667
    }
  ],
  "P1_reward_mean_T": [
    68
  ],
  "P2_reward_mean": [
    {
      "dtype": "float64",
      "py/object": "numpy.float64",
      "value": 60.69166666666666
    }
  ],
  "P2_reward_mean_T": [
    68
  ],
  "P3_reward_mean": [
    {
      "dtype": "float64",
      "py/object": "numpy.float64",
      "value": 86.64666666666666
    }
  ],
  "P3_reward_mean_T": [
    68
  ],
  "common_reward_value_mean": [
    {
      "dtype": "float64",
      "py/object": "numpy.float64",
      "value": 286.96000000000004
    }
  ],
  "common_reward_value_mean_T": [
    68
  ],
  "env_score_mean": [
    {
      "dtype": "float64",
      "py/object": "numpy.float64",
      "value": 21.666666666666664
    }
  ],
  "env_score_mean_T": [
    68
  ],
  "ep_length_mean": [
    6.8
  ],
  "ep_length_mean_T": [
    68
  ],
  "return_mean": [
    {
      "dtype": "float64",
      "py/object": "numpy.float64",
      "value": 1017.5
    }
  ],
  "return_mean_T": [
    68
  ],
  "return_std": [
    {
      "dtype": "float64",
      "py/object": "numpy.float64",
      "value": 197.69456745191562
    }
  ],
  "return_std_T": [
    68
  ]
}