{
  "P1_reward_mean": {
    "steps": [
      68
    ],
    "timestamps": [
      "2024-12-11T07:06:11.555621"
    ],
    "values": [
      30.14666666666667
    ]
  },
  "P2_reward_mean": {
    "steps": [
      68
    ],
    "timestamps": [
      "2024-12-11T07:06:11.555399"
    ],
    "values": [
      60.69166666666666
    ]
  },
  "P3_reward_mean": {
    "steps": [
      68
    ],
    "timestamps": [
      "2024-12-11T07:06:11.555568"
    ],
    "values": [
      86.64666666666666
    ]
  },
  "common_reward_value_mean": {
    "steps": [
      68
    ],
    "timestamps": [
      "2024-12-11T07:06:11.555513"
    ],
    "values": [
      286.96000000000004
    ]
  },
  "env_score_mean": {
    "steps": [
      68
    ],
    "timestamps": [
      "2024-12-11T07:06:11.555453"
    ],
    "values": [
      21.666666666666664
    ]
  },
  "ep_length_mean": {
    "steps": [
      68
    ],
    "timestamps": [
      "2024-12-11T07:06:11.555669"
    ],
    "values": [
      6.8
    ]
  },
  "return_mean": {
    "steps": [
      68
    ],
    "timestamps": [
      "2024-12-11T07:06:11.555088"
    ],
    "values": [
      1017.5
    ]
  },
  "return_std": {
    "steps": [
      68
    ],
    "timestamps": [
      "2024-12-11T07:06:11.555336"
    ],
    "values": [
      197.69456745191562
    ]
  }
}