{
  "P1_reward_mean": {
    "steps": [
      7
    ],
    "timestamps": [
      "2024-12-11T07:06:19.561120"
    ],
    "values": [
      30.56666666666667
    ]
  },
  "P2_reward_mean": {
    "steps": [
      7
    ],
    "timestamps": [
      "2024-12-11T07:06:19.559695"
    ],
    "values": [
      63.916666666666664
    ]
  },
  "P3_reward_mean": {
    "steps": [
      7
    ],
    "timestamps": [
      "2024-12-11T07:06:19.560054"
    ],
    "values": [
      104.1666666666667
    ]
  },
  "common_reward": {
    "steps": [
      7,
      7,
      7,
      7,
      7,
      7,
      7,
      7,
      7,
      7,
      7,
      7,
      7,
      7,
      7,
      7,
      7,
      7,
      7,
      7,
      7,
      7,
      7,
      7,
      7,
      7,
      7,
      7,
      7,
      7,
      7,
      7,
      7,
      7,
      7,
      7,
      7,
      7,
      7,
      7,
      7,
      7,
      7,
      7,
      7,
      7,
      7,
      7,
      7,
      7,
      7,
      7,
      7,
      7,
      7,
      7,
      7,
      7,
      7,
      7,
      7,
      7,
      7,
      7,
      7,
      7,
      7,
      7,
      7,
      7,
      7,
      7,
      7,
      7,
      7,
      7,
      7,
      7,
      7,
      7,
      7,
      7,
      7,
      7,
      7,
      7,
      7,
      7,
      7,
      7,
      7,
      7,
      7,
      7,
      7,
      7,
      7,
      7,
      7,
      7,
      7,
      15,
      22,
      28,
      35,
      43,
      50,
      56,
      63,
      71,
      78,
      85,
      92,
      100,
      107,
      107,
      107,
      107,
      107,
      107,
      107,
      107,
      107,
      107,
      107,
      107,
      107,
      107,
      107,
      107,
      107,
      107,
      107,
      107,
      107,
      107,
      107,
      107,
      107,
      107,
      107,
      107,
      107,
      107,
      107,
      107,
      107,
      107,
      107,
      107,
      107,
      107,
      107,
      107,
      107,
      107,
      107,
      107,
      107,
      107,
      107,
      107,
      107,
      107,
      107,
      107,
      107,
      107,
      107,
      107,
      107,
      107,
      107,
      107,
      107,
      107,
      107,
      107,
      107,
      107,
      107,
      107,
      107,
      107,
      107,
      107,
      107,
      107,
      107,
      107,
      107,
      107,
      107,
      107,
      107,
      107,
      107,
      107,
      107,
      107,
      107,
      107,
      107,
      107,
      107,
      107,
      107,
      107,
      107,
      107,
      107,
      107,
      107,
      107,
      107,
      114,
      120,
      127,
      135,
      142,
      150,
      157,
      164,
      171,
      178,
      185,
      192,
      199,
      206,
      212,
      212,
      212,
      212,
      212,
      212,
      212,
      212,
      212,
      212,
      212,
      212,
      212,
      212,
      212,
      212,
      212,
      212,
      212,
      212,
      212,
      212,
      212,
      212,
      212,
      212,
      212,
      212,
      212,
      212,
      212,
      212,
      212,
      212,
      212,
      212,
      212,
      212,
      212,
      212,
      212,
      212,
      212,
      212,
      212,
      212,
      212,
      212,
      212,
      212,
      212,
      212,
      212,
      212,
      212,
      212,
      212,
      212,
      212,
      212,
      212,
      212,
      212,
      212,
      212,
      212,
      212,
      212,
      212,
      212,
      212,
      212,
      212,
      212,
      212,
      212,
      212,
      212,
      212,
      212,
      212,
      212,
      212,
      212,
      212,
      212,
      212,
      212,
      212,
      212,
      212,
      212,
      212,
      212,
      212,
      212,
      212,
      212,
      212,
      212,
      212,
      218,
      225
    ],
    "timestamps": [
      "2024-12-11T07:06:19.558079",
      "2024-12-11T07:06:19.750034",
      "2024-12-11T07:06:19.971347",
      "2024-12-11T07:06:20.171198",
      "2024-12-11T07:06:20.379087",
      "2024-12-11T07:06:20.577086",
      "2024-12-11T07:06:20.853165",
      "2024-12-11T07:06:21.069658",
      "2024-12-11T07:06:21.264858",
      "2024-12-11T07:06:21.482765",
      "2024-12-11T07:06:21.694860",
      "2024-12-11T07:06:21.975745",
      "2024-12-11T07:06:22.197965",
      "2024-12-11T07:06:22.450748",
      "2024-12-11T07:06:22.653680",
      "2024-12-11T07:06:22.879247",
      "2024-12-11T07:06:23.150684",
      "2024-12-11T07:06:23.369521",
      "2024-12-11T07:06:23.577668",
      "2024-12-11T07:06:23.790720",
      "2024-12-11T07:06:23.996409",
      "2024-12-11T07:06:24.182125",
      "2024-12-11T07:06:24.384842",
      "2024-12-11T07:06:24.591439",
      "2024-12-11T07:06:24.791792",
      "2024-12-11T07:06:25.053427",
      "2024-12-11T07:06:25.276696",
      "2024-12-11T07:06:25.464181",
      "2024-12-11T07:06:25.671106",
      "2024-12-11T07:06:25.909737",
      "2024-12-11T07:06:26.104123",
      "2024-12-11T07:06:26.357349",
      "2024-12-11T07:06:26.558488",
      "2024-12-11T07:06:26.699146",
      "2024-12-11T07:06:26.965881",
      "2024-12-11T07:06:27.175768",
      "2024-12-11T07:06:27.353359",
      "2024-12-11T07:06:27.491454",
      "2024-12-11T07:06:27.750811",
      "2024-12-11T07:06:27.908895",
      "2024-12-11T07:06:28.159138",
      "2024-12-11T07:06:28.355303",
      "2024-12-11T07:06:28.580124",
      "2024-12-11T07:06:28.795385",
      "2024-12-11T07:06:29.084596",
      "2024-12-11T07:06:29.293961",
      "2024-12-11T07:06:29.501409",
      "2024-12-11T07:06:29.692614",
      "2024-12-11T07:06:29.894352",
      "2024-12-11T07:06:30.081453",
      "2024-12-11T07:06:30.358876",
      "2024-12-11T07:06:30.567877",
      "2024-12-11T07:06:30.758187",
      "2024-12-11T07:06:30.993644",
      "2024-12-11T07:06:31.259378",
      "2024-12-11T07:06:31.458154",
      "2024-12-11T07:06:31.681615",
      "2024-12-11T07:06:31.966572",
      "2024-12-11T07:06:32.201562",
      "2024-12-11T07:06:32.470352",
      "2024-12-11T07:06:32.680739",
      "2024-12-11T07:06:32.881754",
      "2024-12-11T07:06:33.066172",
      "2024-12-11T07:06:33.270690",
      "2024-12-11T07:06:33.508406",
      "2024-12-11T07:06:33.765600",
      "2024-12-11T07:06:33.993705",
      "2024-12-11T07:06:34.206860",
      "2024-12-11T07:06:34.460724",
      "2024-12-11T07:06:34.662201",
      "2024-12-11T07:06:34.876150",
      "2024-12-11T07:06:35.100019",
      "2024-12-11T07:06:35.304530",
      "2024-12-11T07:06:35.507131",
      "2024-12-11T07:06:35.777329",
      "2024-12-11T07:06:35.969378",
      "2024-12-11T07:06:36.159049",
      "2024-12-11T07:06:36.372551",
      "2024-12-11T07:06:36.581586",
      "2024-12-11T07:06:36.798420",
      "2024-12-11T07:06:36.985380",
      "2024-12-11T07:06:37.173804",
      "2024-12-11T07:06:37.351862",
      "2024-12-11T07:06:37.556728",
      "2024-12-11T07:06:37.753103",
      "2024-12-11T07:06:37.951243",
      "2024-12-11T07:06:38.172514",
      "2024-12-11T07:06:38.372350",
      "2024-12-11T07:06:38.584219",
      "2024-12-11T07:06:38.796027",
      "2024-12-11T07:06:38.981105",
      "2024-12-11T07:06:39.200849",
      "2024-12-11T07:06:39.384646",
      "2024-12-11T07:06:39.592434",
      "2024-12-11T07:06:39.800465",
      "2024-12-11T07:06:40.066276",
      "2024-12-11T07:06:40.257286",
      "2024-12-11T07:06:40.475746",
      "2024-12-11T07:06:40.680903",
      "2024-12-11T07:06:40.877880",
      "2024-12-11T07:06:41.084239",
      "2024-12-11T07:06:41.301273",
      "2024-12-11T07:06:41.492903",
      "2024-12-11T07:06:41.662192",
      "2024-12-11T07:06:41.807655",
      "2024-12-11T07:06:42.002078",
      "2024-12-11T07:06:42.188844",
      "2024-12-11T07:06:42.368504",
      "2024-12-11T07:06:42.552474",
      "2024-12-11T07:06:42.765210",
      "2024-12-11T07:06:42.973563",
      "2024-12-11T07:06:43.171339",
      "2024-12-11T07:06:43.375157",
      "2024-12-11T07:06:43.588391",
      "2024-12-11T07:06:43.796348",
      "2024-12-11T07:06:44.000912",
      "2024-12-11T07:06:44.255846",
      "2024-12-11T07:06:44.462337",
      "2024-12-11T07:06:44.769714",
      "2024-12-11T07:06:45.181033",
      "2024-12-11T07:06:45.556851",
      "2024-12-11T07:06:45.854056",
      "2024-12-11T07:06:46.089458",
      "2024-12-11T07:06:46.483305",
      "2024-12-11T07:06:46.772020",
      "2024-12-11T07:06:47.080995",
      "2024-12-11T07:06:47.461463",
      "2024-12-11T07:06:47.668095",
      "2024-12-11T07:06:47.880828",
      "2024-12-11T07:06:48.186152",
      "2024-12-11T07:06:48.454530",
      "2024-12-11T07:06:48.677691",
      "2024-12-11T07:06:48.885842",
      "2024-12-11T07:06:49.185370",
      "2024-12-11T07:06:49.389971",
      "2024-12-11T07:06:49.659393",
      "2024-12-11T07:06:49.975943",
      "2024-12-11T07:06:50.170663",
      "2024-12-11T07:06:50.396433",
      "2024-12-11T07:06:50.650660",
      "2024-12-11T07:06:50.973503",
      "2024-12-11T07:06:51.183568",
      "2024-12-11T07:06:51.563746",
      "2024-12-11T07:06:51.778724",
      "2024-12-11T07:06:52.001387",
      "2024-12-11T07:06:52.264220",
      "2024-12-11T07:06:52.577089",
      "2024-12-11T07:06:52.881021",
      "2024-12-11T07:06:53.167431",
      "2024-12-11T07:06:53.455450",
      "2024-12-11T07:06:53.868368",
      "2024-12-11T07:06:54.197337",
      "2024-12-11T07:06:54.581336",
      "2024-12-11T07:06:54.856875",
      "2024-12-11T07:06:55.271450",
      "2024-12-11T07:06:55.556442",
      "2024-12-11T07:06:55.797634",
      "2024-12-11T07:06:56.069982",
      "2024-12-11T07:06:56.254065",
      "2024-12-11T07:06:56.467627",
      "2024-12-11T07:06:56.691575",
      "2024-12-11T07:06:56.966883",
      "2024-12-11T07:06:57.170684",
      "2024-12-11T07:06:57.387406",
      "2024-12-11T07:06:57.601594",
      "2024-12-11T07:06:57.876360",
      "2024-12-11T07:06:58.090556",
      "2024-12-11T07:06:58.350286",
      "2024-12-11T07:06:58.557340",
      "2024-12-11T07:06:58.770907",
      "2024-12-11T07:06:59.050980",
      "2024-12-11T07:06:59.276380",
      "2024-12-11T07:06:59.504148",
      "2024-12-11T07:06:59.699334",
      "2024-12-11T07:06:59.886769",
      "2024-12-11T07:07:00.089814",
      "2024-12-11T07:07:00.376422",
      "2024-12-11T07:07:00.594710",
      "2024-12-11T07:07:00.871442",
      "2024-12-11T07:07:01.159386",
      "2024-12-11T07:07:01.393006",
      "2024-12-11T07:07:01.679097",
      "2024-12-11T07:07:01.968289",
      "2024-12-11T07:07:02.272492",
      "2024-12-11T07:07:02.484991",
      "2024-12-11T07:07:02.759935",
      "2024-12-11T07:07:02.973607",
      "2024-12-11T07:07:03.183610",
      "2024-12-11T07:07:03.367213",
      "2024-12-11T07:07:03.554271",
      "2024-12-11T07:07:03.767960",
      "2024-12-11T07:07:03.900897",
      "2024-12-11T07:07:04.150600",
      "2024-12-11T07:07:04.356583",
      "2024-12-11T07:07:04.560799",
      "2024-12-11T07:07:04.882848",
      "2024-12-11T07:07:05.258602",
      "2024-12-11T07:07:05.477441",
      "2024-12-11T07:07:05.869023",
      "2024-12-11T07:07:06.190144",
      "2024-12-11T07:07:06.474116",
      "2024-12-11T07:07:06.981649",
      "2024-12-11T07:07:07.263108",
      "2024-12-11T07:07:07.565222",
      "2024-12-11T07:07:07.853961",
      "2024-12-11T07:07:08.150016",
      "2024-12-11T07:07:08.386511",
      "2024-12-11T07:07:08.676533",
      "2024-12-11T07:07:08.989836",
      "2024-12-11T07:07:09.286624",
      "2024-12-11T07:07:09.501719",
      "2024-12-11T07:07:09.897717",
      "2024-12-11T07:07:10.179466",
      "2024-12-11T07:07:10.469031",
      "2024-12-11T07:07:10.764603",
      "2024-12-11T07:07:11.051130",
      "2024-12-11T07:07:11.263856",
      "2024-12-11T07:07:11.493457",
      "2024-12-11T07:07:11.867873",
      "2024-12-11T07:07:12.159573",
      "2024-12-11T07:07:12.394812",
      "2024-12-11T07:07:12.683755",
      "2024-12-11T07:07:12.956991",
      "2024-12-11T07:07:13.180650",
      "2024-12-11T07:07:13.568944",
      "2024-12-11T07:07:13.970040",
      "2024-12-11T07:07:14.199575",
      "2024-12-11T07:07:14.493160",
      "2024-12-11T07:07:14.779848",
      "2024-12-11T07:07:14.992516",
      "2024-12-11T07:07:15.281560",
      "2024-12-11T07:07:15.585733",
      "2024-12-11T07:07:15.796211",
      "2024-12-11T07:07:16.054776",
      "2024-12-11T07:07:16.284840",
      "2024-12-11T07:07:16.564588",
      "2024-12-11T07:07:16.874098",
      "2024-12-11T07:07:17.089205",
      "2024-12-11T07:07:17.375365",
      "2024-12-11T07:07:17.672585",
      "2024-12-11T07:07:17.958134",
      "2024-12-11T07:07:18.261232",
      "2024-12-11T07:07:18.568368",
      "2024-12-11T07:07:18.960043",
      "2024-12-11T07:07:19.177338",
      "2024-12-11T07:07:19.468948",
      "2024-12-11T07:07:19.761943",
      "2024-12-11T07:07:20.098436",
      "2024-12-11T07:07:20.357125",
      "2024-12-11T07:07:20.592419",
      "2024-12-11T07:07:21.050025",
      "2024-12-11T07:07:21.469713",
      "2024-12-11T07:07:21.684339",
      "2024-12-11T07:07:21.995836",
      "2024-12-11T07:07:22.283818",
      "2024-12-11T07:07:22.597360",
      "2024-12-11T07:07:22.868742",
      "2024-12-11T07:07:23.151554",
      "2024-12-11T07:07:23.391773",
      "2024-12-11T07:07:23.699152",
      "2024-12-11T07:07:24.051508",
      "2024-12-11T07:07:24.359235",
      "2024-12-11T07:07:24.655676",
      "2024-12-11T07:07:24.883990",
      "2024-12-11T07:07:25.161405",
      "2024-12-11T07:07:25.400232",
      "2024-12-11T07:07:25.675853",
      "2024-12-11T07:07:25.959210",
      "2024-12-11T07:07:26.392790",
      "2024-12-11T07:07:26.797185",
      "2024-12-11T07:07:27.074846",
      "2024-12-11T07:07:27.294180",
      "2024-12-11T07:07:27.599782",
      "2024-12-11T07:07:27.871451",
      "2024-12-11T07:07:28.080694",
      "2024-12-11T07:07:28.474692",
      "2024-12-11T07:07:28.761970",
      "2024-12-11T07:07:28.975323",
      "2024-12-11T07:07:29.276268",
      "2024-12-11T07:07:29.558933",
      "2024-12-11T07:07:29.782764",
      "2024-12-11T07:07:30.000944",
      "2024-12-11T07:07:30.275164",
      "2024-12-11T07:07:30.656320",
      "2024-12-11T07:07:31.063209",
      "2024-12-11T07:07:31.464167",
      "2024-12-11T07:07:31.701716",
      "2024-12-11T07:07:32.062099",
      "2024-12-11T07:07:32.373363",
      "2024-12-11T07:07:32.666088",
      "2024-12-11T07:07:32.973416",
      "2024-12-11T07:07:33.273173",
      "2024-12-11T07:07:33.496730",
      "2024-12-11T07:07:33.762096",
      "2024-12-11T07:07:34.058425",
      "2024-12-11T07:07:34.372190",
      "2024-12-11T07:07:34.764204",
      "2024-12-11T07:07:35.080674",
      "2024-12-11T07:07:35.372150",
      "2024-12-11T07:07:35.687959",
      "2024-12-11T07:07:35.978315",
      "2024-12-11T07:07:36.360190",
      "2024-12-11T07:07:36.652646",
      "2024-12-11T07:07:36.896898",
      "2024-12-11T07:07:37.192683",
      "2024-12-11T07:07:37.478420",
      "2024-12-11T07:07:37.786828",
      "2024-12-11T07:07:38.079297",
      "2024-12-11T07:07:38.358643",
      "2024-12-11T07:07:38.597298",
      "2024-12-11T07:07:38.872828",
      "2024-12-11T07:07:39.157799",
      "2024-12-11T07:07:39.386563",
      "2024-12-11T07:07:39.665250",
      "2024-12-11T07:07:39.893694",
      "2024-12-11T07:07:40.156522",
      "2024-12-11T07:07:40.387364",
      "2024-12-11T07:07:40.670664",
      "2024-12-11T07:07:40.962884",
      "2024-12-11T07:07:41.250149",
      "2024-12-11T07:07:41.489532",
      "2024-12-11T07:07:41.858678",
      "2024-12-11T07:07:42.097220",
      "2024-12-11T07:07:42.464619",
      "2024-12-11T07:07:42.779572",
      "2024-12-11T07:07:43.072488",
      "2024-12-11T07:07:43.357347",
      "2024-12-11T07:07:43.596241",
      "2024-12-11T07:07:43.888688",
      "2024-12-11T07:07:44.269736",
      "2024-12-11T07:07:44.491847",
      "2024-12-11T07:07:44.781065"
    ],
    "values": [
      1137.4,
      828.9,
      1064.2,
      1137.4,
      1539.5,
      1061.8,
      1460.3000000000002,
      1108.9,
      830.1,
      1127.1999999999998,
      953.8000000000001,
      1339.4,
      1455.5,
      1096.9,
      813.9,
      1382.9,
      1479.5,
      1050.4,
      1120.0,
      1062.7,
      1153.3,
      786.0,
      997.6,
      1008.1,
      798.0,
      1022.8000000000001,
      1289.9,
      967.3,
      979.6000000000001,
      1434.8000000000002,
      979.9,
      1090.6,
      1094.5,
      805.2,
      1350.2000000000003,
      1409.0,
      786.0,
      792.9,
      1089.1,
      1054.0,
      1113.1,
      800.1,
      1352.3000000000002,
      1009.0,
      1737.3000000000002,
      1057.0,
      769.2,
      813.9,
      1120.0,
      1084.6000000000001,
      1337.3000000000002,
      1127.1999999999998,
      1144.6,
      1278.8,
      1073.2,
      779.4000000000001,
      1062.6999999999998,
      1315.1,
      1376.9,
      1376.9,
      1070.5,
      1101.1,
      816.6,
      1091.8000000000002,
      1745.4000000000003,
      1120.0,
      1439.6000000000001,
      1071.4,
      1352.3,
      812.1000000000001,
      1286.6,
      1079.5,
      1024.9,
      1086.7,
      1479.5,
      786.0,
      786.0,
      1465.1,
      1108.3,
      1124.1999999999998,
      788.4,
      821.7,
      779.4000000000001,
      1065.1000000000001,
      1093.3000000000002,
      1047.4,
      1375.7,
      1054.0,
      1389.2,
      1171.3,
      816.9,
      1330.4,
      1030.3000000000002,
      1079.8,
      1097.5,
      1470.3000000000002,
      1005.7,
      1101.4,
      1108.3,
      1039.0,
      1147.0,
      1391.3,
      1034.2,
      821.7,
      1054.0,
      1333.4,
      1056.4,
      809.4,
      1091.5,
      1473.5000000000002,
      1079.8000000000002,
      1139.2,
      1108.6000000000001,
      1353.8000000000002,
      1006.3,
      816.9,
      1005.1,
      1072.9,
      1094.5,
      1335.2,
      1101.1,
      1451.0,
      1121.5,
      1344.2,
      1087.3000000000002,
      1047.4,
      1127.1999999999998,
      821.7,
      1127.1999999999998,
      1084.3,
      1410.1999999999998,
      1024.0,
      1068.4,
      1487.9,
      1147.9,
      1120.0,
      1539.5,
      785.7,
      1459.4,
      783.9,
      987.1000000000001,
      776.0999999999999,
      1023.7,
      786.0,
      1124.1999999999998,
      804.9,
      1018.3000000000001,
      1070.5,
      1096.6,
      1011.6999999999999,
      819.3000000000001,
      1068.4,
      1082.5,
      1355.3000000000002,
      1043.8,
      1036.0,
      1490.3,
      1253.3000000000002,
      812.1000000000001,
      1310.6,
      1425.2,
      1719.3000000000002,
      1009.3000000000001,
      1140.4,
      976.9,
      1015.0,
      1078.6,
      1089.7,
      762.0,
      816.9,
      1490.3000000000002,
      1152.4,
      1376.0,
      828.9,
      822.9,
      1019.5,
      1458.8,
      1138.0,
      1062.7,
      1037.2,
      1413.8000000000002,
      1393.7,
      1084.6000000000001,
      819.3000000000001,
      1038.1,
      1127.1999999999998,
      1072.0,
      1100.8000000000002,
      799.8000000000001,
      786.0,
      1421.3000000000002,
      779.4000000000001,
      1126.0,
      1103.5,
      821.4,
      1974.0000000000002,
      1397.3000000000002,
      804.9,
      1851.3,
      1145.2,
      1073.8,
      2324.5,
      786.0,
      1085.5,
      1042.0,
      1015.6,
      1096.3000000000002,
      956.8000000000002,
      1057.0,
      805.2,
      827.4,
      1647.0,
      1061.8,
      1357.1000000000001,
      1060.3,
      1159.3,
      798.0,
      1012.6,
      1314.5,
      961.0,
      1419.1999999999998,
      1103.5,
      1132.0,
      1049.1999999999998,
      1071.4,
      1061.2,
      1080.1,
      1044.1,
      1119.4,
      751.2,
      1081.3,
      1338.8,
      737.1,
      821.7,
      788.4,
      1431.2,
      1399.7,
      1127.1999999999998,
      1033.9,
      1026.4,
      816.9,
      1289.3,
      1119.4,
      1375.1,
      810.6,
      1408.7,
      828.9,
      1478.7,
      794.1,
      1043.8,
      1466.8999999999999,
      1050.4,
      821.7,
      1434.4999999999998,
      1113.1,
      1397.6,
      1009.6,
      953.8000000000001,
      1046.5,
      1029.1,
      1014.1,
      1392.8000000000002,
      1054.6,
      1082.5,
      1117.0,
      1103.5,
      969.4,
      1087.9,
      1833.0,
      1139.2,
      1051.3,
      822.9,
      1350.5,
      1115.5,
      821.1,
      1094.5,
      1080.4,
      812.1000000000001,
      1362.8,
      1368.2,
      1070.5,
      828.9,
      1127.1999999999998,
      1373.9,
      1770.9,
      798.0,
      1094.5,
      1361.0,
      1066.0,
      1557.5,
      1036.3000000000002,
      1103.5,
      767.0999999999999,
      830.1,
      786.0,
      1079.5,
      804.9,
      1149.4,
      1085.5,
      1422.5,
      1039.0,
      1454.0000000000002,
      1107.5,
      1046.8000000000002,
      1031.2,
      824.1,
      1094.5,
      1430.6,
      1142.8,
      1140.4,
      1050.4,
      1090.9,
      1000.9,
      1120.0,
      774.6,
      812.1000000000001,
      1068.4,
      774.3000000000001,
      964.6,
      1116.7,
      1367.3000000000002,
      1126.6000000000001,
      983.2,
      988.0,
      1159.6,
      1127.1999999999998,
      817.8000000000001,
      1078.0,
      1100.5,
      1360.1,
      816.9,
      1089.4
    ]
  },
  "common_reward_value": {
    "steps": [
      7,
      7,
      7,
      7,
      7,
      7,
      7,
      7,
      7,
      7,
      7,
      7,
      7,
      7,
      7,
      7,
      7,
      7,
      7,
      7,
      7,
      7,
      7,
      7,
      7,
      7,
      7,
      7,
      7,
      7,
      7,
      7,
      7,
      7,
      7,
      7,
      7,
      7,
      7,
      7,
      7,
      7,
      7,
      7,
      7,
      7,
      7,
      7,
      7,
      7,
      7,
      7,
      7,
      7,
      7,
      7,
      7,
      7,
      7,
      7,
      7,
      7,
      7,
      7,
      7,
      7,
      7,
      7,
      7,
      7,
      7,
      7,
      7,
      7,
      7,
      7,
      7,
      7,
      7,
      7,
      7,
      7,
      7,
      7,
      7,
      7,
      7,
      7,
      7,
      7,
      7,
      7,
      7,
      7,
      7,
      7,
      7,
      7,
      7,
      7,
      7,
      15,
      22,
      28,
      35,
      43,
      50,
      56,
      63,
      71,
      78,
      85,
      92,
      100,
      107,
      107,
      107,
      107,
      107,
      107,
      107,
      107,
      107,
      107,
      107,
      107,
      107,
      107,
      107,
      107,
      107,
      107,
      107,
      107,
      107,
      107,
      107,
      107,
      107,
      107,
      107,
      107,
      107,
      107,
      107,
      107,
      107,
      107,
      107,
      107,
      107,
      107,
      107,
      107,
      107,
      107,
      107,
      107,
      107,
      107,
      107,
      107,
      107,
      107,
      107,
      107,
      107,
      107,
      107,
      107,
      107,
      107,
      107,
      107,
      107,
      107,
      107,
      107,
      107,
      107,
      107,
      107,
      107,
      107,
      107,
      107,
      107,
      107,
      107,
      107,
      107,
      107,
      107,
      107,
      107,
      107,
      107,
      107,
      107,
      107,
      107,
      107,
      107,
      107,
      107,
      107,
      107,
      107,
      107,
      107,
      107,
      107,
      107,
      107,
      107,
      114,
      120,
      127,
      135,
      142,
      150,
      157,
      164,
      171,
      178,
      185,
      192,
      199,
      206,
      212,
      212,
      212,
      212,
      212,
      212,
      212,
      212,
      212,
      212,
      212,
      212,
      212,
      212,
      212,
      212,
      212,
      212,
      212,
      212,
      212,
      212,
      212,
      212,
      212,
      212,
      212,
      212,
      212,
      212,
      212,
      212,
      212,
      212,
      212,
      212,
      212,
      212,
      212,
      212,
      212,
      212,
      212,
      212,
      212,
      212,
      212,
      212,
      212,
      212,
      212,
      212,
      212,
      212,
      212,
      212,
      212,
      212,
      212,
      212,
      212,
      212,
      212,
      212,
      212,
      212,
      212,
      212,
      212,
      212,
      212,
      212,
      212,
      212,
      212,
      212,
      212,
      212,
      212,
      212,
      212,
      212,
      212,
      212,
      212,
      212,
      212,
      212,
      212,
      212,
      212,
      212,
      212,
      212,
      212,
      212,
      212,
      212,
      212,
      212,
      212,
      218,
      225
    ],
    "timestamps": [
      "2024-12-11T07:06:19.558461",
      "2024-12-11T07:06:19.750284",
      "2024-12-11T07:06:19.971427",
      "2024-12-11T07:06:20.171258",
      "2024-12-11T07:06:20.379167",
      "2024-12-11T07:06:20.577169",
      "2024-12-11T07:06:20.853610",
      "2024-12-11T07:06:21.070000",
      "2024-12-11T07:06:21.264944",
      "2024-12-11T07:06:21.482844",
      "2024-12-11T07:06:21.694943",
      "2024-12-11T07:06:21.976095",
      "2024-12-11T07:06:22.198056",
      "2024-12-11T07:06:22.451235",
      "2024-12-11T07:06:22.654053",
      "2024-12-11T07:06:22.879331",
      "2024-12-11T07:06:23.151109",
      "2024-12-11T07:06:23.369866",
      "2024-12-11T07:06:23.578004",
      "2024-12-11T07:06:23.791048",
      "2024-12-11T07:06:23.996774",
      "2024-12-11T07:06:24.182187",
      "2024-12-11T07:06:24.384922",
      "2024-12-11T07:06:24.591522",
      "2024-12-11T07:06:24.791855",
      "2024-12-11T07:06:25.053511",
      "2024-12-11T07:06:25.276768",
      "2024-12-11T07:06:25.464556",
      "2024-12-11T07:06:25.671182",
      "2024-12-11T07:06:25.909799",
      "2024-12-11T07:06:26.104187",
      "2024-12-11T07:06:26.357435",
      "2024-12-11T07:06:26.558575",
      "2024-12-11T07:06:26.699221",
      "2024-12-11T07:06:26.965972",
      "2024-12-11T07:06:27.175842",
      "2024-12-11T07:06:27.353741",
      "2024-12-11T07:06:27.491546",
      "2024-12-11T07:06:27.751281",
      "2024-12-11T07:06:27.908958",
      "2024-12-11T07:06:28.159246",
      "2024-12-11T07:06:28.355685",
      "2024-12-11T07:06:28.580203",
      "2024-12-11T07:06:28.795468",
      "2024-12-11T07:06:29.084676",
      "2024-12-11T07:06:29.294054",
      "2024-12-11T07:06:29.501498",
      "2024-12-11T07:06:29.692687",
      "2024-12-11T07:06:29.894438",
      "2024-12-11T07:06:30.081774",
      "2024-12-11T07:06:30.358958",
      "2024-12-11T07:06:30.567949",
      "2024-12-11T07:06:30.758293",
      "2024-12-11T07:06:30.993734",
      "2024-12-11T07:06:31.259718",
      "2024-12-11T07:06:31.458240",
      "2024-12-11T07:06:31.681688",
      "2024-12-11T07:06:31.966921",
      "2024-12-11T07:06:32.201645",
      "2024-12-11T07:06:32.470449",
      "2024-12-11T07:06:32.680823",
      "2024-12-11T07:06:32.881838",
      "2024-12-11T07:06:33.066259",
      "2024-12-11T07:06:33.270774",
      "2024-12-11T07:06:33.508467",
      "2024-12-11T07:06:33.765685",
      "2024-12-11T07:06:33.994065",
      "2024-12-11T07:06:34.206925",
      "2024-12-11T07:06:34.461100",
      "2024-12-11T07:06:34.662307",
      "2024-12-11T07:06:34.876224",
      "2024-12-11T07:06:35.100118",
      "2024-12-11T07:06:35.304877",
      "2024-12-11T07:06:35.507192",
      "2024-12-11T07:06:35.777412",
      "2024-12-11T07:06:35.969731",
      "2024-12-11T07:06:36.159519",
      "2024-12-11T07:06:36.372628",
      "2024-12-11T07:06:36.581904",
      "2024-12-11T07:06:36.798484",
      "2024-12-11T07:06:36.985443",
      "2024-12-11T07:06:37.173868",
      "2024-12-11T07:06:37.351938",
      "2024-12-11T07:06:37.556811",
      "2024-12-11T07:06:37.753181",
      "2024-12-11T07:06:37.951656",
      "2024-12-11T07:06:38.172577",
      "2024-12-11T07:06:38.372439",
      "2024-12-11T07:06:38.584298",
      "2024-12-11T07:06:38.796115",
      "2024-12-11T07:06:38.981192",
      "2024-12-11T07:06:39.200910",
      "2024-12-11T07:06:39.384727",
      "2024-12-11T07:06:39.592525",
      "2024-12-11T07:06:39.800530",
      "2024-12-11T07:06:40.066350",
      "2024-12-11T07:06:40.257375",
      "2024-12-11T07:06:40.475809",
      "2024-12-11T07:06:40.680975",
      "2024-12-11T07:06:40.877984",
      "2024-12-11T07:06:41.084330",
      "2024-12-11T07:06:41.301350",
      "2024-12-11T07:06:41.492987",
      "2024-12-11T07:06:41.662265",
      "2024-12-11T07:06:41.807740",
      "2024-12-11T07:06:42.002165",
      "2024-12-11T07:06:42.188920",
      "2024-12-11T07:06:42.368568",
      "2024-12-11T07:06:42.552813",
      "2024-12-11T07:06:42.765287",
      "2024-12-11T07:06:42.973625",
      "2024-12-11T07:06:43.171711",
      "2024-12-11T07:06:43.375534",
      "2024-12-11T07:06:43.588483",
      "2024-12-11T07:06:43.796435",
      "2024-12-11T07:06:44.001239",
      "2024-12-11T07:06:44.255924",
      "2024-12-11T07:06:44.462437",
      "2024-12-11T07:06:44.770061",
      "2024-12-11T07:06:45.181722",
      "2024-12-11T07:06:45.556984",
      "2024-12-11T07:06:45.854148",
      "2024-12-11T07:06:46.089806",
      "2024-12-11T07:06:46.483409",
      "2024-12-11T07:06:46.772118",
      "2024-12-11T07:06:47.081119",
      "2024-12-11T07:06:47.461549",
      "2024-12-11T07:06:47.668430",
      "2024-12-11T07:06:47.881190",
      "2024-12-11T07:06:48.186245",
      "2024-12-11T07:06:48.454627",
      "2024-12-11T07:06:48.677778",
      "2024-12-11T07:06:48.885938",
      "2024-12-11T07:06:49.185731",
      "2024-12-11T07:06:49.390340",
      "2024-12-11T07:06:49.659734",
      "2024-12-11T07:06:49.976268",
      "2024-12-11T07:06:50.171029",
      "2024-12-11T07:06:50.396517",
      "2024-12-11T07:06:50.650984",
      "2024-12-11T07:06:50.973595",
      "2024-12-11T07:06:51.183923",
      "2024-12-11T07:06:51.563847",
      "2024-12-11T07:06:51.779922",
      "2024-12-11T07:06:52.001451",
      "2024-12-11T07:06:52.264562",
      "2024-12-11T07:06:52.577167",
      "2024-12-11T07:06:52.881132",
      "2024-12-11T07:06:53.167790",
      "2024-12-11T07:06:53.455603",
      "2024-12-11T07:06:53.868701",
      "2024-12-11T07:06:54.197416",
      "2024-12-11T07:06:54.581434",
      "2024-12-11T07:06:54.857866",
      "2024-12-11T07:06:55.271779",
      "2024-12-11T07:06:55.556522",
      "2024-12-11T07:06:55.797720",
      "2024-12-11T07:06:56.070067",
      "2024-12-11T07:06:56.254433",
      "2024-12-11T07:06:56.467732",
      "2024-12-11T07:06:56.691671",
      "2024-12-11T07:06:56.967237",
      "2024-12-11T07:06:57.171006",
      "2024-12-11T07:06:57.387495",
      "2024-12-11T07:06:57.601670",
      "2024-12-11T07:06:57.876438",
      "2024-12-11T07:06:58.090738",
      "2024-12-11T07:06:58.350479",
      "2024-12-11T07:06:58.557797",
      "2024-12-11T07:06:58.771007",
      "2024-12-11T07:06:59.051067",
      "2024-12-11T07:06:59.276456",
      "2024-12-11T07:06:59.504211",
      "2024-12-11T07:06:59.699684",
      "2024-12-11T07:06:59.887092",
      "2024-12-11T07:07:00.089907",
      "2024-12-11T07:07:00.376551",
      "2024-12-11T07:07:00.594828",
      "2024-12-11T07:07:00.871829",
      "2024-12-11T07:07:01.159474",
      "2024-12-11T07:07:01.393103",
      "2024-12-11T07:07:01.679440",
      "2024-12-11T07:07:01.968372",
      "2024-12-11T07:07:02.272584",
      "2024-12-11T07:07:02.485062",
      "2024-12-11T07:07:02.760235",
      "2024-12-11T07:07:02.973703",
      "2024-12-11T07:07:03.183684",
      "2024-12-11T07:07:03.367279",
      "2024-12-11T07:07:03.554624",
      "2024-12-11T07:07:03.768021",
      "2024-12-11T07:07:03.900987",
      "2024-12-11T07:07:04.150710",
      "2024-12-11T07:07:04.356666",
      "2024-12-11T07:07:04.560889",
      "2024-12-11T07:07:04.882938",
      "2024-12-11T07:07:05.258695",
      "2024-12-11T07:07:05.477766",
      "2024-12-11T07:07:05.869114",
      "2024-12-11T07:07:06.190507",
      "2024-12-11T07:07:06.474195",
      "2024-12-11T07:07:06.981989",
      "2024-12-11T07:07:07.263540",
      "2024-12-11T07:07:07.565559",
      "2024-12-11T07:07:07.854066",
      "2024-12-11T07:07:08.150265",
      "2024-12-11T07:07:08.386871",
      "2024-12-11T07:07:08.676621",
      "2024-12-11T07:07:08.989915",
      "2024-12-11T07:07:09.286972",
      "2024-12-11T07:07:09.501785",
      "2024-12-11T07:07:09.897793",
      "2024-12-11T07:07:10.179844",
      "2024-12-11T07:07:10.469361",
      "2024-12-11T07:07:10.764967",
      "2024-12-11T07:07:11.051660",
      "2024-12-11T07:07:11.263941",
      "2024-12-11T07:07:11.493536",
      "2024-12-11T07:07:11.868207",
      "2024-12-11T07:07:12.159672",
      "2024-12-11T07:07:12.394908",
      "2024-12-11T07:07:12.684206",
      "2024-12-11T07:07:12.957081",
      "2024-12-11T07:07:13.180741",
      "2024-12-11T07:07:13.569303",
      "2024-12-11T07:07:13.970435",
      "2024-12-11T07:07:14.199657",
      "2024-12-11T07:07:14.493246",
      "2024-12-11T07:07:14.780200",
      "2024-12-11T07:07:14.992613",
      "2024-12-11T07:07:15.281885",
      "2024-12-11T07:07:15.586077",
      "2024-12-11T07:07:15.796307",
      "2024-12-11T07:07:16.054881",
      "2024-12-11T07:07:16.284923",
      "2024-12-11T07:07:16.564919",
      "2024-12-11T07:07:16.874184",
      "2024-12-11T07:07:17.089558",
      "2024-12-11T07:07:17.375689",
      "2024-12-11T07:07:17.672668",
      "2024-12-11T07:07:17.958574",
      "2024-12-11T07:07:18.261322",
      "2024-12-11T07:07:18.568464",
      "2024-12-11T07:07:18.960125",
      "2024-12-11T07:07:19.177688",
      "2024-12-11T07:07:19.469037",
      "2024-12-11T07:07:19.762051",
      "2024-12-11T07:07:20.098498",
      "2024-12-11T07:07:20.357544",
      "2024-12-11T07:07:20.592802",
      "2024-12-11T07:07:21.053475",
      "2024-12-11T07:07:21.469793",
      "2024-12-11T07:07:21.684428",
      "2024-12-11T07:07:21.996511",
      "2024-12-11T07:07:22.284175",
      "2024-12-11T07:07:22.597445",
      "2024-12-11T07:07:22.869072",
      "2024-12-11T07:07:23.151886",
      "2024-12-11T07:07:23.392130",
      "2024-12-11T07:07:23.699215",
      "2024-12-11T07:07:24.051951",
      "2024-12-11T07:07:24.359314",
      "2024-12-11T07:07:24.656067",
      "2024-12-11T07:07:24.884577",
      "2024-12-11T07:07:25.161753",
      "2024-12-11T07:07:25.400296",
      "2024-12-11T07:07:25.676217",
      "2024-12-11T07:07:25.959620",
      "2024-12-11T07:07:26.392879",
      "2024-12-11T07:07:26.797272",
      "2024-12-11T07:07:27.075174",
      "2024-12-11T07:07:27.294535",
      "2024-12-11T07:07:27.599845",
      "2024-12-11T07:07:27.871789",
      "2024-12-11T07:07:28.081055",
      "2024-12-11T07:07:28.475046",
      "2024-12-11T07:07:28.762063",
      "2024-12-11T07:07:28.975406",
      "2024-12-11T07:07:29.276641",
      "2024-12-11T07:07:29.559021",
      "2024-12-11T07:07:29.783091",
      "2024-12-11T07:07:30.001007",
      "2024-12-11T07:07:30.275533",
      "2024-12-11T07:07:30.656635",
      "2024-12-11T07:07:31.063314",
      "2024-12-11T07:07:31.464259",
      "2024-12-11T07:07:31.701779",
      "2024-12-11T07:07:32.062432",
      "2024-12-11T07:07:32.373729",
      "2024-12-11T07:07:32.666178",
      "2024-12-11T07:07:32.974180",
      "2024-12-11T07:07:33.273271",
      "2024-12-11T07:07:33.496819",
      "2024-12-11T07:07:33.762460",
      "2024-12-11T07:07:34.058515",
      "2024-12-11T07:07:34.372377",
      "2024-12-11T07:07:34.764533",
      "2024-12-11T07:07:35.080756",
      "2024-12-11T07:07:35.372503",
      "2024-12-11T07:07:35.688321",
      "2024-12-11T07:07:35.978404",
      "2024-12-11T07:07:36.360285",
      "2024-12-11T07:07:36.653000",
      "2024-12-11T07:07:36.897182",
      "2024-12-11T07:07:37.192784",
      "2024-12-11T07:07:37.478816",
      "2024-12-11T07:07:37.786903",
      "2024-12-11T07:07:38.079372",
      "2024-12-11T07:07:38.358975",
      "2024-12-11T07:07:38.597395",
      "2024-12-11T07:07:38.872909",
      "2024-12-11T07:07:39.157886",
      "2024-12-11T07:07:39.386665",
      "2024-12-11T07:07:39.665515",
      "2024-12-11T07:07:39.893770",
      "2024-12-11T07:07:40.157318",
      "2024-12-11T07:07:40.387713",
      "2024-12-11T07:07:40.671013",
      "2024-12-11T07:07:40.962971",
      "2024-12-11T07:07:41.250323",
      "2024-12-11T07:07:41.489905",
      "2024-12-11T07:07:41.858753",
      "2024-12-11T07:07:42.097297",
      "2024-12-11T07:07:42.464737",
      "2024-12-11T07:07:42.779891",
      "2024-12-11T07:07:43.072842",
      "2024-12-11T07:07:43.357674",
      "2024-12-11T07:07:43.596597",
      "2024-12-11T07:07:43.888804",
      "2024-12-11T07:07:44.270092",
      "2024-12-11T07:07:44.491921",
      "2024-12-11T07:07:44.781155"
    ],
    "values": [
      327.40000000000003,
      275.5,
      311.8,
      327.40000000000003,
      393.70000000000005,
      280.9,
      346.0,
      322.3,
      276.1,
      298.9,
      256.0,
      323.5,
      345.4,
      316.3,
      264.4,
      327.4,
      352.3,
      306.4,
      296.5,
      310.3,
      335.5,
      232.0,
      297.4,
      267.4,
      259.3,
      268.0,
      346.6,
      293.5,
      260.5,
      341.5,
      262.9,
      316.0,
      289.9,
      266.5,
      325.9,
      337.0,
      232.0,
      259.9,
      317.8,
      278.5,
      294.4,
      262.6,
      354.70000000000005,
      299.8,
      381.70000000000005,
      303.70000000000005,
      253.0,
      264.4,
      296.5,
      313.3,
      325.0,
      298.9,
      334.6,
      344.8,
      305.80000000000007,
      254.8,
      279.09999999999997,
      321.4,
      331.9,
      334.0,
      283.0,
      289.9,
      268.9,
      286.0,
      382.90000000000003,
      296.5,
      363.70000000000005,
      285.4,
      352.90000000000003,
      263.8,
      311.8,
      286.0,
      304.90000000000003,
      285.1,
      352.3,
      232.0,
      232.0,
      347.8,
      292.3,
      297.4,
      256.9,
      268.3,
      254.8,
      315.40000000000003,
      313.3,
      278.5,
      328.3,
      281.5,
      336.40000000000003,
      343.0,
      265.9,
      322.0,
      269.5,
      313.3,
      317.20000000000005,
      337.0,
      267.4,
      316.9,
      292.3,
      278.8,
      329.8,
      334.3,
      303.70000000000005,
      268.3,
      306.40000000000003,
      323.5,
      304.30000000000007,
      266.5,
      287.5,
      375.70000000000005,
      316.0,
      326.20000000000005,
      319.3,
      322.0,
      269.8,
      265.9,
      265.0,
      283.0,
      289.9,
      319.0,
      327.1,
      343.3,
      322.3,
      346.90000000000003,
      315.1,
      304.30000000000007,
      298.9,
      268.3,
      298.9,
      310.9,
      367.0,
      277.0,
      283.9,
      381.1,
      328.90000000000003,
      296.5,
      367.0,
      257.5,
      346.9,
      259.9,
      287.8,
      255.09999999999997,
      271.6,
      232.0,
      297.4,
      261.4,
      295.9,
      283.0,
      288.4,
      274.9,
      271.0,
      303.70000000000005,
      287.5,
      331.0,
      280.9,
      277.0,
      388.0,
      338.20000000000005,
      263.8,
      315.4,
      338.5,
      378.1,
      297.1,
      327.40000000000003,
      291.4,
      274.0,
      283.9,
      287.79999999999995,
      256.0,
      265.9,
      353.5,
      331.9,
      325.0,
      275.5,
      268.9,
      270.4,
      374.8,
      326.80000000000007,
      310.3,
      304.9,
      337.30000000000007,
      334.3,
      313.3,
      271.0,
      276.4,
      298.9,
      315.40000000000003,
      315.4,
      262.0,
      232.0,
      337.6,
      254.8,
      328.0,
      292.0,
      271.0,
      424.90000000000003,
      334.90000000000003,
      261.4,
      400.0,
      329.20000000000005,
      316.0,
      457.0,
      232.0,
      286.0,
      301.90000000000003,
      301.9,
      287.5,
      281.8,
      283.0,
      266.5,
      274.0,
      391.0,
      280.9,
      356.5,
      307.0,
      338.5,
      259.3,
      298.0,
      352.3,
      256.0,
      369.1,
      292.0,
      323.8,
      279.09999999999997,
      308.20000000000005,
      278.5,
      316.3,
      307.6,
      322.3,
      250.89999999999998,
      310.9,
      325.9,
      246.4,
      268.3,
      256.9,
      339.40000000000003,
      365.20000000000005,
      298.9,
      301.9,
      297.4,
      265.9,
      314.2,
      295.0,
      331.9,
      267.1,
      329.8,
      275.5,
      337.0,
      262.6,
      280.9,
      377.8,
      306.40000000000003,
      268.3,
      364.3,
      294.4,
      337.0,
      268.0,
      256.0,
      274.9,
      271.9,
      300.1,
      365.20000000000005,
      278.5,
      287.5,
      295.0,
      292.0,
      261.4,
      286.0,
      401.5,
      331.0,
      300.40000000000003,
      268.9,
      329.8,
      295.0,
      271.6,
      289.9,
      314.5,
      263.8,
      328.3,
      326.5,
      283.0,
      275.5,
      298.9,
      328.0,
      418.90000000000003,
      259.3,
      289.9,
      326.5,
      280.9,
      398.80000000000007,
      303.40000000000003,
      289.9,
      255.09999999999997,
      276.1,
      232.0,
      286.0,
      265.0,
      334.6,
      286.0,
      370.30000000000007,
      278.8,
      345.70000000000005,
      277.0,
      311.5,
      304.30000000000007,
      273.1,
      289.9,
      342.4,
      334.0,
      326.80000000000007,
      305.80000000000007,
      286.0,
      292.9,
      296.5,
      259.6,
      263.8,
      283.9,
      255.39999999999998,
      289.6,
      319.9,
      330.4,
      324.70000000000005,
      265.29999999999995,
      297.4,
      339.1,
      298.9,
      269.5,
      283.9,
      290.5,
      327.4,
      265.9,
      315.70000000000005
    ]
  },
  "common_reward_value_mean": {
    "steps": [
      7
    ],
    "timestamps": [
      "2024-12-11T07:06:19.560415"
    ],
    "values": [
      327.40000000000003
    ]
  },
  "env_score_mean": {
    "steps": [
      7
    ],
    "timestamps": [
      "2024-12-11T07:06:19.560770"
    ],
    "values": [
      21.666666666666668
    ]
  },
  "ep_length_mean": {
    "steps": [
      7
    ],
    "timestamps": [
      "2024-12-11T07:06:19.561468"
    ],
    "values": [
      7.0
    ]
  },
  "episode": {
    "steps": [
      100,
      206
    ],
    "timestamps": [
      "2024-12-11T07:06:43.589243",
      "2024-12-11T07:07:14.780998"
    ],
    "values": [
      14,
      29
    ]
  },
  "return_mean": {
    "steps": [
      7
    ],
    "timestamps": [
      "2024-12-11T07:06:19.558850"
    ],
    "values": [
      1137.4
    ]
  },
  "return_std": {
    "steps": [
      7
    ],
    "timestamps": [
      "2024-12-11T07:06:19.559271"
    ],
    "values": [
      0.0
    ]
  },
  "test_P1_reward_mean": {
    "steps": [
      7,
      107,
      212
    ],
    "timestamps": [
      "2024-12-11T07:06:41.085059",
      "2024-12-11T07:07:10.767576",
      "2024-12-11T07:07:44.272677"
    ],
    "values": [
      30.725666666666676,
      31.079666666666675,
      30.97166666666669
    ]
  },
  "test_P2_reward_mean": {
    "steps": [
      7,
      107,
      212
    ],
    "timestamps": [
      "2024-12-11T07:06:41.084766",
      "2024-12-11T07:07:10.766234",
      "2024-12-11T07:07:44.271316"
    ],
    "values": [
      63.721666666666735,
      63.526666666666735,
      63.166666666666735
    ]
  },
  "test_P3_reward_mean": {
    "steps": [
      7,
      107,
      212
    ],
    "timestamps": [
      "2024-12-11T07:06:41.084845",
      "2024-12-11T07:07:10.766561",
      "2024-12-11T07:07:44.271645"
    ],
    "values": [
      90.65466666666669,
      92.07066666666664,
      90.54666666666668
    ]
  },
  "test_common_reward_value_mean": {
    "steps": [
      7,
      107,
      212
    ],
    "timestamps": [
      "2024-12-11T07:06:41.084920",
      "2024-12-11T07:07:10.766875",
      "2024-12-11T07:07:44.271986"
    ],
    "values": [
      301.74700000000007,
      304.8340000000001,
      300.99100000000004
    ]
  },
  "test_env_score_mean": {
    "steps": [
      7,
      107,
      212
    ],
    "timestamps": [
      "2024-12-11T07:06:41.084991",
      "2024-12-11T07:07:10.767207",
      "2024-12-11T07:07:44.272333"
    ],
    "values": [
      21.66666666666669,
      21.66666666666669,
      21.66666666666669
    ]
  },
  "test_ep_length_mean": {
    "steps": [
      7,
      107,
      212
    ],
    "timestamps": [
      "2024-12-11T07:06:41.085126",
      "2024-12-11T07:07:10.767919",
      "2024-12-11T07:07:44.273023"
    ],
    "values": [
      7.1,
      7.09,
      7.06
    ]
  },
  "test_return_mean": {
    "steps": [
      7,
      107,
      212
    ],
    "timestamps": [
      "2024-12-11T07:06:41.084459",
      "2024-12-11T07:07:10.765355",
      "2024-12-11T07:07:44.270477"
    ],
    "values": [
      1111.904,
      1121.11,
      1100.5300000000002
    ]
  },
  "test_return_std": {
    "steps": [
      7,
      107,
      212
    ],
    "timestamps": [
      "2024-12-11T07:06:41.084595",
      "2024-12-11T07:07:10.765769",
      "2024-12-11T07:07:44.270884"
    ],
    "values": [
      223.63177096289337,
      275.1961098925637,
      227.17239643055225
    ]
  }
}