{
  "P1_reward_mean": [
    {
      "dtype": "float64",
      "py/object": "numpy.float64",
      "value": 40.34666666666667
    }
  ],
  "P1_reward_mean_T": [
    92
  ],
  "P2_reward_mean": [
    {
      "dtype": "float64",
      "py/object": "numpy.float64",
      "value": 83.56666666666666
    }
  ],
  "P2_reward_mean_T": [
    92
  ],
  "P3_reward_mean": [
    {
      "dtype": "float64",
      "py/object": "numpy.float64",
      "value": 122.64666666666668
    }
  ],
  "P3_reward_mean_T": [
    92
  ],
  "agent_0_return_mean": [
    {
      "dtype": "float64",
      "py/object": "numpy.float64",
      "value": 250.63999872207643
    }
  ],
  "agent_0_return_mean_T": [
    92
  ],
  "agent_0_return_std": [
    {
      "dtype": "float64",
      "py/object": "numpy.float64",
      "value": 165.46522910111943
    }
  ],
  "agent_0_return_std_T": [
    92
  ],
  "agent_1_return_mean": [
    {
      "dtype": "float64",
      "py/object": "numpy.float64",
      "value": 418.8500008583069
    }
  ],
  "agent_1_return_mean_T": [
    92
  ],
  "agent_1_return_std": [
    {
      "dtype": "float64",
      "py/object": "numpy.float64",
      "value": 353.2932597562421
    }
  ],
  "agent_1_return_std_T": [
    92
  ],
  "agent_2_return_mean": [
    {
      "dtype": "float64",
      "py/object": "numpy.float64",
      "value": 622.4599956512451
    }
  ],
  "agent_2_return_mean_T": [
    92
  ],
  "agent_2_return_std": [
    {
      "dtype": "float64",
      "py/object": "numpy.float64",
      "value": 544.759377391655
    }
  ],
  "agent_2_return_std_T": [
    92
  ],
  "common_reward_value_mean": [
    {
      "dtype": "float64",
      "py/object": "numpy.float64",
      "value": 424.96000000000004
    }
  ],
  "common_reward_value_mean_T": [
    92
  ],
  "env_score_mean": [
    {
      "dtype": "float64",
      "py/object": "numpy.float64",
      "value": 21.666666666666664
    }
  ],
  "env_score_mean_T": [
    92
  ],
  "ep_length_mean": [
    9.2
  ],
  "ep_length_mean_T": [
    92
  ],
  "total_return_mean": [
    {
      "dtype": "float64",
      "py/object": "numpy.float64",
      "value": 1291.9499952316285
    }
  ],
  "total_return_mean_T": [
    92
  ],
  "total_return_std": [
    {
      "dtype": "float64",
      "py/object": "numpy.float64",
      "value": 1063.4177718922606
    }
  ],
  "total_return_std_T": [
    92
  ]
}