{
  "artifacts": [],
  "command": "my_main",
  "experiment": {
    "base_dir": "/workspace/home/user/Documents/Github/6.S890_Course_Project/src",
    "dependencies": [
      "numpy==1.24.4",
      "PyYAML==5.3.1",
      "sacred==0.8.7",
      "torch==2.4.1"
    ],
    "mainfile": "main.py",
    "name": "pymarl",
    "repositories": [
      {
        "commit": "51b5ae199159c387a6ae750d846bbcffa3f49b29",
        "dirty": false,
        "url": "https://github.com/srcJin/6.S890_Course_Project.git"
      },
      {
        "commit": "51b5ae199159c387a6ae750d846bbcffa3f49b29",
        "dirty": false,
        "url": "https://github.com/srcJin/6.S890_Course_Project.git"
      },
      {
        "commit": "51b5ae199159c387a6ae750d846bbcffa3f49b29",
        "dirty": false,
        "url": "https://github.com/srcJin/6.S890_Course_Project.git"
      }
    ],
    "sources": [
      [
        "main.py",
        "_sources/main_10071cd35b239d4d9d6b06262697f6b3.py"
      ],
      [
        "run.py",
        "_sources/run_d62d3087da7829de8e4bcdca6986827e.py"
      ],
      [
        "utils/logging.py",
        "_sources/logging_836123fa54ffb6ffe3010ba48531394a.py"
      ]
    ]
  },
  "heartbeat": "2024-12-12T21:39:43.169363",
  "host": {
    "ENV": {},
    "cpu": "AMD Ryzen Threadripper PRO 5955WX 16-Cores",
    "gpus": {
      "driver_version": "560.35.03",
      "gpus": [
        {
          "model": "NVIDIA GeForce RTX 4090",
          "persistence_mode": true,
          "total_memory": 24564
        },
        {
          "model": "NVIDIA GeForce RTX 4090",
          "persistence_mode": true,
          "total_memory": 24564
        }
      ]
    },
    "hostname": "0ecbe9360acb",
    "os": [
      "Linux",
      "Linux-5.15.0-124-generic-x86_64-with-glibc2.17"
    ],
    "python_version": "3.8.20"
  },
  "meta": {
    "command": "my_main",
    "config_updates": {},
    "named_configs": [],
    "options": {
      "--beat-interval": null,
      "--capture": null,
      "--comment": null,
      "--debug": false,
      "--enforce_clean": false,
      "--file_storage": null,
      "--force": false,
      "--help": false,
      "--id": null,
      "--loglevel": null,
      "--mongo_db": null,
      "--name": null,
      "--pdb": false,
      "--print-config": false,
      "--priority": null,
      "--queue": false,
      "--s3": null,
      "--sql": null,
      "--tiny_db": null,
      "--unobserved": false,
      "COMMAND": null,
      "UPDATE": [],
      "help": false,
      "with": false
    }
  },
  "resources": [],
  "result": null,
  "start_time": "2024-12-11T07:06:06.200547",
  "status": "RUNNING"
}