{
  "P1_reward_mean": {
    "steps": [
      68
    ],
    "timestamps": [
      "2024-12-11T07:06:11.481115"
    ],
    "values": [
      28.706666666666667
    ]
  },
  "P2_reward_mean": {
    "steps": [
      68
    ],
    "timestamps": [
      "2024-12-11T07:06:11.481172"
    ],
    "values": [
      60.99166666666666
    ]
  },
  "P3_reward_mean": {
    "steps": [
      68
    ],
    "timestamps": [
      "2024-12-11T07:06:11.480992"
    ],
    "values": [
      82.44666666666667
    ]
  },
  "common_reward_value_mean": {
    "steps": [
      68
    ],
    "timestamps": [
      "2024-12-11T07:06:11.481046"
    ],
    "values": [
      276.34000000000003
    ]
  },
  "env_score_mean": {
    "steps": [
      68
    ],
    "timestamps": [
      "2024-12-11T07:06:11.480941"
    ],
    "values": [
      21.666666666666664
    ]
  },
  "ep_length_mean": {
    "steps": [
      68
    ],
    "timestamps": [
      "2024-12-11T07:06:11.481219"
    ],
    "values": [
      6.8
    ]
  },
  "return_mean": {
    "steps": [
      68
    ],
    "timestamps": [
      "2024-12-11T07:06:11.480660"
    ],
    "values": [
      999.2299999999999
    ]
  },
  "return_std": {
    "steps": [
      68
    ],
    "timestamps": [
      "2024-12-11T07:06:11.480883"
    ],
    "values": [
      184.32120360935147
    ]
  }
}