{
  "P1_reward_mean": {
    "steps": [
      67
    ],
    "timestamps": [
      "2024-12-11T07:07:08.299325"
    ],
    "values": [
      29.00666666666667
    ]
  },
  "P2_reward_mean": {
    "steps": [
      67
    ],
    "timestamps": [
      "2024-12-11T07:07:08.299222"
    ],
    "values": [
      60.69166666666666
    ]
  },
  "P3_reward_mean": {
    "steps": [
      67
    ],
    "timestamps": [
      "2024-12-11T07:07:08.299373"
    ],
    "values": [
      82.68666666666667
    ]
  },
  "agent_0_return_mean": {
    "steps": [
      67
    ],
    "timestamps": [
      "2024-12-11T07:07:08.298402"
    ],
    "values": [
      143.0233332633972
    ]
  },
  "agent_0_return_std": {
    "steps": [
      67
    ],
    "timestamps": [
      "2024-12-11T07:07:08.298624"
    ],
    "values": [
      17.72429017543714
    ]
  },
  "agent_1_return_mean": {
    "steps": [
      67
    ],
    "timestamps": [
      "2024-12-11T07:07:08.298705"
    ],
    "values": [
      206.10833435058595
    ]
  },
  "agent_1_return_std": {
    "steps": [
      67
    ],
    "timestamps": [
      "2024-12-11T07:07:08.298809"
    ],
    "values": [
      34.152883943014665
    ]
  },
  "agent_2_return_mean": {
    "steps": [
      67
    ],
    "timestamps": [
      "2024-12-11T07:07:08.298886"
    ],
    "values": [
      299.16333351135256
    ]
  },
  "agent_2_return_std": {
    "steps": [
      67
    ],
    "timestamps": [
      "2024-12-11T07:07:08.298990"
    ],
    "values": [
      45.663535167979475
    ]
  },
  "common_reward_value_mean": {
    "steps": [
      67
    ],
    "timestamps": [
      "2024-12-11T07:07:08.299275"
    ],
    "values": [
      276.2800000000001
    ]
  },
  "env_score_mean": {
    "steps": [
      67
    ],
    "timestamps": [
      "2024-12-11T07:07:08.299422"
    ],
    "values": [
      21.666666666666664
    ]
  },
  "ep_length_mean": {
    "steps": [
      67
    ],
    "timestamps": [
      "2024-12-11T07:07:08.299469"
    ],
    "values": [
      6.7
    ]
  },
  "total_return_mean": {
    "steps": [
      67
    ],
    "timestamps": [
      "2024-12-11T07:07:08.299076"
    ],
    "values": [
      648.2950011253357
    ]
  },
  "total_return_std": {
    "steps": [
      67
    ],
    "timestamps": [
      "2024-12-11T07:07:08.299167"
    ],
    "values": [
      97.25623098459839
    ]
  }
}