{
  "P1_reward_mean": [
    {
      "dtype": "float64",
      "py/object": "numpy.float64",
      "value": 28.166666666666668
    }
  ],
  "P1_reward_mean_T": [
    7
  ],
  "P2_reward_mean": [
    {
      "dtype": "float64",
      "py/object": "numpy.float64",
      "value": 60.166666666666664
    }
  ],
  "P2_reward_mean_T": [
    7
  ],
  "P3_reward_mean": [
    {
      "dtype": "float64",
      "py/object": "numpy.float64",
      "value": 99.36666666666667
    }
  ],
  "P3_reward_mean_T": [
    7
  ],
  "common_reward": [
    1051.0,
    810.6,
    1063.6,
    1054.0,
    1108.3,
    821.7,
    786.6000000000001,
    795.6,
    1042.8999999999999,
    1074.7,
    748.2,
    786.0,
    1057.0,
    813.9,
    1115.1999999999998,
    779.1,
    729.6,
    816.9,
    817.8000000000001,
    821.7,
    771.9,
    786.0,
    821.7,
    816.9,
    812.1000000000001,
    1103.5,
    1070.8,
    1047.4,
    1077.7,
    1012.9000000000001,
    816.6,
    824.1,
    821.7,
    1075.6,
    812.1000000000001,
    968.5,
    804.6,
    783.9,
    706.5,
    1103.5,
    1128.4,
    1127.1999999999998,
    828.9,
    1043.8,
    1104.7,
    741.9000000000001,
    786.0,
    1021.3000000000001,
    804.6,
    1008.4000000000001,
    786.0,
    786.0,
    828.9,
    1000.9,
    1061.8,
    767.4000000000001,
    1098.6999999999998,
    786.0,
    1108.3,
    1089.7,
    1054.0,
    1423.4,
    1077.7,
    1020.0999999999999,
    1156.9,
    788.1,
    786.0,
    805.2,
    1108.3,
    786.0,
    1136.8,
    1066.0,
    788.4,
    1108.6000000000001,
    1128.4,
    786.0,
    1042.9,
    799.8000000000001,
    785.7,
    1153.3,
    792.9,
    1115.1999999999998,
    1115.5,
    812.1000000000001,
    821.7,
    990.7,
    1098.6999999999998,
    821.7,
    1082.5,
    1145.2,
    1120.0,
    786.0,
    1096.3000000000002,
    755.1,
    1057.0,
    1064.2,
    749.1,
    795.6,
    813.9,
    812.1000000000001,
    1423.4,
    816.9,
    997.9,
    788.4,
    1027.0,
    817.8000000000001,
    1127.1999999999998,
    1108.3,
    756.3,
    821.7,
    1098.6999999999998,
    1070.5,
    749.1,
    1070.5,
    827.4,
    1161.1
  ],
  "common_reward_T": [
    7,
    7,
    7,
    7,
    7,
    7,
    7,
    7,
    7,
    7,
    7,
    7,
    7,
    7,
    7,
    7,
    7,
    7,
    7,
    7,
    7,
    7,
    7,
    7,
    7,
    7,
    7,
    7,
    7,
    7,
    7,
    7,
    7,
    7,
    7,
    7,
    7,
    7,
    7,
    7,
    7,
    7,
    7,
    7,
    7,
    7,
    7,
    7,
    7,
    7,
    7,
    7,
    7,
    7,
    7,
    7,
    7,
    7,
    7,
    7,
    7,
    7,
    7,
    7,
    7,
    7,
    7,
    7,
    7,
    7,
    7,
    7,
    7,
    7,
    7,
    7,
    7,
    7,
    7,
    7,
    7,
    7,
    7,
    7,
    7,
    7,
    7,
    7,
    7,
    7,
    7,
    7,
    7,
    7,
    7,
    7,
    7,
    7,
    7,
    7,
    7,
    13,
    20,
    26,
    33,
    39,
    46,
    53,
    59,
    65,
    72,
    79,
    85,
    92,
    98,
    105
  ],
  "common_reward_value": [
    {
      "dtype": "float64",
      "py/object": "numpy.float64",
      "value": 306.1
    },
    {
      "dtype": "float64",
      "py/object": "numpy.float64",
      "value": 267.1
    },
    {
      "dtype": "float64",
      "py/object": "numpy.float64",
      "value": 280.9
    },
    {
      "dtype": "float64",
      "py/object": "numpy.float64",
      "value": 301.90000000000003
    },
    {
      "dtype": "float64",
      "py/object": "numpy.float64",
      "value": 292.3
    },
    {
      "dtype": "float64",
      "py/object": "numpy.float64",
      "value": 268.3
    },
    {
      "dtype": "float64",
      "py/object": "numpy.float64",
      "value": 262.0
    },
    {
      "dtype": "float64",
      "py/object": "numpy.float64",
      "value": 264.1
    },
    {
      "dtype": "float64",
      "py/object": "numpy.float64",
      "value": 274.3
    },
    {
      "dtype": "float64",
      "py/object": "numpy.float64",
      "value": 316.0
    },
    {
      "dtype": "float64",
      "py/object": "numpy.float64",
      "value": 248.5
    },
    {
      "dtype": "float64",
      "py/object": "numpy.float64",
      "value": 232.0
    },
    {
      "dtype": "float64",
      "py/object": "numpy.float64",
      "value": 283.0
    },
    {
      "dtype": "float64",
      "py/object": "numpy.float64",
      "value": 264.4
    },
    {
      "dtype": "float64",
      "py/object": "numpy.float64",
      "value": 294.4
    },
    {
      "dtype": "float64",
      "py/object": "numpy.float64",
      "value": 257.5
    },
    {
      "dtype": "float64",
      "py/object": "numpy.float64",
      "value": 246.1
    },
    {
      "dtype": "float64",
      "py/object": "numpy.float64",
      "value": 265.9
    },
    {
      "dtype": "float64",
      "py/object": "numpy.float64",
      "value": 269.5
    },
    {
      "dtype": "float64",
      "py/object": "numpy.float64",
      "value": 268.3
    },
    {
      "dtype": "float64",
      "py/object": "numpy.float64",
      "value": 257.5
    },
    {
      "dtype": "float64",
      "py/object": "numpy.float64",
      "value": 232.0
    },
    {
      "dtype": "float64",
      "py/object": "numpy.float64",
      "value": 268.3
    },
    {
      "dtype": "float64",
      "py/object": "numpy.float64",
      "value": 265.9
    },
    {
      "dtype": "float64",
      "py/object": "numpy.float64",
      "value": 263.8
    },
    {
      "dtype": "float64",
      "py/object": "numpy.float64",
      "value": 292.0
    },
    {
      "dtype": "float64",
      "py/object": "numpy.float64",
      "value": 280.9
    },
    {
      "dtype": "float64",
      "py/object": "numpy.float64",
      "value": 278.5
    },
    {
      "dtype": "float64",
      "py/object": "numpy.float64",
      "value": 285.4
    },
    {
      "dtype": "float64",
      "py/object": "numpy.float64",
      "value": 268.0
    },
    {
      "dtype": "float64",
      "py/object": "numpy.float64",
      "value": 268.9
    },
    {
      "dtype": "float64",
      "py/object": "numpy.float64",
      "value": 273.1
    },
    {
      "dtype": "float64",
      "py/object": "numpy.float64",
      "value": 268.3
    },
    {
      "dtype": "float64",
      "py/object": "numpy.float64",
      "value": 283.3
    },
    {
      "dtype": "float64",
      "py/object": "numpy.float64",
      "value": 263.8
    },
    {
      "dtype": "float64",
      "py/object": "numpy.float64",
      "value": 290.5
    },
    {
      "dtype": "float64",
      "py/object": "numpy.float64",
      "value": 264.1
    },
    {
      "dtype": "float64",
      "py/object": "numpy.float64",
      "value": 259.9
    },
    {
      "dtype": "float64",
      "py/object": "numpy.float64",
      "value": 239.5
    },
    {
      "dtype": "float64",
      "py/object": "numpy.float64",
      "value": 292.0
    },
    {
      "dtype": "float64",
      "py/object": "numpy.float64",
      "value": 324.40000000000003
    },
    {
      "dtype": "float64",
      "py/object": "numpy.float64",
      "value": 298.9
    },
    {
      "dtype": "float64",
      "py/object": "numpy.float64",
      "value": 275.5
    },
    {
      "dtype": "float64",
      "py/object": "numpy.float64",
      "value": 280.9
    },
    {
      "dtype": "float64",
      "py/object": "numpy.float64",
      "value": 315.70000000000005
    },
    {
      "dtype": "float64",
      "py/object": "numpy.float64",
      "value": 247.89999999999998
    },
    {
      "dtype": "float64",
      "py/object": "numpy.float64",
      "value": 232.0
    },
    {
      "dtype": "float64",
      "py/object": "numpy.float64",
      "value": 267.4
    },
    {
      "dtype": "float64",
      "py/object": "numpy.float64",
      "value": 264.1
    },
    {
      "dtype": "float64",
      "py/object": "numpy.float64",
      "value": 294.70000000000005
    },
    {
      "dtype": "float64",
      "py/object": "numpy.float64",
      "value": 232.0
    },
    {
      "dtype": "float64",
      "py/object": "numpy.float64",
      "value": 232.0
    },
    {
      "dtype": "float64",
      "py/object": "numpy.float64",
      "value": 275.5
    },
    {
      "dtype": "float64",
      "py/object": "numpy.float64",
      "value": 297.4
    },
    {
      "dtype": "float64",
      "py/object": "numpy.float64",
      "value": 280.9
    },
    {
      "dtype": "float64",
      "py/object": "numpy.float64",
      "value": 252.40000000000003
    },
    {
      "dtype": "float64",
      "py/object": "numpy.float64",
      "value": 289.9
    },
    {
      "dtype": "float64",
      "py/object": "numpy.float64",
      "value": 232.0
    },
    {
      "dtype": "float64",
      "py/object": "numpy.float64",
      "value": 292.3
    },
    {
      "dtype": "float64",
      "py/object": "numpy.float64",
      "value": 312.70000000000005
    },
    {
      "dtype": "float64",
      "py/object": "numpy.float64",
      "value": 276.4
    },
    {
      "dtype": "float64",
      "py/object": "numpy.float64",
      "value": 340.90000000000003
    },
    {
      "dtype": "float64",
      "py/object": "numpy.float64",
      "value": 285.4
    },
    {
      "dtype": "float64",
      "py/object": "numpy.float64",
      "value": 299.8
    },
    {
      "dtype": "float64",
      "py/object": "numpy.float64",
      "value": 333.4
    },
    {
      "dtype": "float64",
      "py/object": "numpy.float64",
      "value": 259.6
    },
    {
      "dtype": "float64",
      "py/object": "numpy.float64",
      "value": 232.0
    },
    {
      "dtype": "float64",
      "py/object": "numpy.float64",
      "value": 266.5
    },
    {
      "dtype": "float64",
      "py/object": "numpy.float64",
      "value": 292.3
    },
    {
      "dtype": "float64",
      "py/object": "numpy.float64",
      "value": 232.0
    },
    {
      "dtype": "float64",
      "py/object": "numpy.float64",
      "value": 331.0
    },
    {
      "dtype": "float64",
      "py/object": "numpy.float64",
      "value": 278.8
    },
    {
      "dtype": "float64",
      "py/object": "numpy.float64",
      "value": 256.9
    },
    {
      "dtype": "float64",
      "py/object": "numpy.float64",
      "value": 319.3
    },
    {
      "dtype": "float64",
      "py/object": "numpy.float64",
      "value": 325.30000000000007
    },
    {
      "dtype": "float64",
      "py/object": "numpy.float64",
      "value": 232.0
    },
    {
      "dtype": "float64",
      "py/object": "numpy.float64",
      "value": 276.4
    },
    {
      "dtype": "float64",
      "py/object": "numpy.float64",
      "value": 262.0
    },
    {
      "dtype": "float64",
      "py/object": "numpy.float64",
      "value": 257.5
    },
    {
      "dtype": "float64",
      "py/object": "numpy.float64",
      "value": 335.5
    },
    {
      "dtype": "float64",
      "py/object": "numpy.float64",
      "value": 259.9
    },
    {
      "dtype": "float64",
      "py/object": "numpy.float64",
      "value": 294.4
    },
    {
      "dtype": "float64",
      "py/object": "numpy.float64",
      "value": 320.8
    },
    {
      "dtype": "float64",
      "py/object": "numpy.float64",
      "value": 263.8
    },
    {
      "dtype": "float64",
      "py/object": "numpy.float64",
      "value": 268.3
    },
    {
      "dtype": "float64",
      "py/object": "numpy.float64",
      "value": 262.6
    },
    {
      "dtype": "float64",
      "py/object": "numpy.float64",
      "value": 289.9
    },
    {
      "dtype": "float64",
      "py/object": "numpy.float64",
      "value": 268.3
    },
    {
      "dtype": "float64",
      "py/object": "numpy.float64",
      "value": 285.4
    },
    {
      "dtype": "float64",
      "py/object": "numpy.float64",
      "value": 329.20000000000005
    },
    {
      "dtype": "float64",
      "py/object": "numpy.float64",
      "value": 296.5
    },
    {
      "dtype": "float64",
      "py/object": "numpy.float64",
      "value": 232.0
    },
    {
      "dtype": "float64",
      "py/object": "numpy.float64",
      "value": 287.5
    },
    {
      "dtype": "float64",
      "py/object": "numpy.float64",
      "value": 250.6
    },
    {
      "dtype": "float64",
      "py/object": "numpy.float64",
      "value": 283.0
    },
    {
      "dtype": "float64",
      "py/object": "numpy.float64",
      "value": 308.20000000000005
    },
    {
      "dtype": "float64",
      "py/object": "numpy.float64",
      "value": 255.09999999999997
    },
    {
      "dtype": "float64",
      "py/object": "numpy.float64",
      "value": 264.1
    },
    {
      "dtype": "float64",
      "py/object": "numpy.float64",
      "value": 264.4
    },
    {
      "dtype": "float64",
      "py/object": "numpy.float64",
      "value": 263.8
    },
    {
      "dtype": "float64",
      "py/object": "numpy.float64",
      "value": 338.80000000000007
    },
    {
      "dtype": "float64",
      "py/object": "numpy.float64",
      "value": 265.9
    },
    {
      "dtype": "float64",
      "py/object": "numpy.float64",
      "value": 265.0
    },
    {
      "dtype": "float64",
      "py/object": "numpy.float64",
      "value": 256.9
    },
    {
      "dtype": "float64",
      "py/object": "numpy.float64",
      "value": 278.5
    },
    {
      "dtype": "float64",
      "py/object": "numpy.float64",
      "value": 269.5
    },
    {
      "dtype": "float64",
      "py/object": "numpy.float64",
      "value": 298.9
    },
    {
      "dtype": "float64",
      "py/object": "numpy.float64",
      "value": 292.3
    },
    {
      "dtype": "float64",
      "py/object": "numpy.float64",
      "value": 250.3
    },
    {
      "dtype": "float64",
      "py/object": "numpy.float64",
      "value": 268.3
    },
    {
      "dtype": "float64",
      "py/object": "numpy.float64",
      "value": 289.9
    },
    {
      "dtype": "float64",
      "py/object": "numpy.float64",
      "value": 283.0
    },
    {
      "dtype": "float64",
      "py/object": "numpy.float64",
      "value": 255.09999999999997
    },
    {
      "dtype": "float64",
      "py/object": "numpy.float64",
      "value": 283.0
    },
    {
      "dtype": "float64",
      "py/object": "numpy.float64",
      "value": 274.0
    },
    {
      "dtype": "float64",
      "py/object": "numpy.float64",
      "value": 334.3
    }
  ],
  "common_reward_value_T": [
    7,
    7,
    7,
    7,
    7,
    7,
    7,
    7,
    7,
    7,
    7,
    7,
    7,
    7,
    7,
    7,
    7,
    7,
    7,
    7,
    7,
    7,
    7,
    7,
    7,
    7,
    7,
    7,
    7,
    7,
    7,
    7,
    7,
    7,
    7,
    7,
    7,
    7,
    7,
    7,
    7,
    7,
    7,
    7,
    7,
    7,
    7,
    7,
    7,
    7,
    7,
    7,
    7,
    7,
    7,
    7,
    7,
    7,
    7,
    7,
    7,
    7,
    7,
    7,
    7,
    7,
    7,
    7,
    7,
    7,
    7,
    7,
    7,
    7,
    7,
    7,
    7,
    7,
    7,
    7,
    7,
    7,
    7,
    7,
    7,
    7,
    7,
    7,
    7,
    7,
    7,
    7,
    7,
    7,
    7,
    7,
    7,
    7,
    7,
    7,
    7,
    13,
    20,
    26,
    33,
    39,
    46,
    53,
    59,
    65,
    72,
    79,
    85,
    92,
    98,
    105
  ],
  "common_reward_value_mean": [
    {
      "dtype": "float64",
      "py/object": "numpy.float64",
      "value": 306.1
    }
  ],
  "common_reward_value_mean_T": [
    7
  ],
  "env_score_mean": [
    {
      "dtype": "float64",
      "py/object": "numpy.float64",
      "value": 21.666666666666668
    }
  ],
  "env_score_mean_T": [
    7
  ],
  "ep_length_mean": [
    7.0
  ],
  "ep_length_mean_T": [
    7
  ],
  "return_mean": [
    {
      "dtype": "float64",
      "py/object": "numpy.float64",
      "value": 1051.0
    }
  ],
  "return_mean_T": [
    7
  ],
  "return_std": [
    {
      "dtype": "float64",
      "py/object": "numpy.float64",
      "value": 0.0
    }
  ],
  "return_std_T": [
    7
  ],
  "test_P1_reward_mean": [
    {
      "dtype": "float64",
      "py/object": "numpy.float64",
      "value": 29.24966666666669
    }
  ],
  "test_P1_reward_mean_T": [
    7
  ],
  "test_P2_reward_mean": [
    {
      "dtype": "float64",
      "py/object": "numpy.float64",
      "value": 58.284166666666714
    }
  ],
  "test_P2_reward_mean_T": [
    7
  ],
  "test_P3_reward_mean": [
    {
      "dtype": "float64",
      "py/object": "numpy.float64",
      "value": 84.66666666666664
    }
  ],
  "test_P3_reward_mean_T": [
    7
  ],
  "test_common_reward_value_mean": [
    {
      "dtype": "float64",
      "py/object": "numpy.float64",
      "value": 276.3039999999999
    }
  ],
  "test_common_reward_value_mean_T": [
    7
  ],
  "test_env_score_mean": [
    {
      "dtype": "float64",
      "py/object": "numpy.float64",
      "value": 21.66666666666669
    }
  ],
  "test_env_score_mean_T": [
    7
  ],
  "test_ep_length_mean": [
    6.51
  ],
  "test_ep_length_mean_T": [
    7
  ],
  "test_return_mean": [
    {
      "dtype": "float64",
      "py/object": "numpy.float64",
      "value": 940.6080000000001
    }
  ],
  "test_return_mean_T": [
    7
  ],
  "test_return_std": [
    {
      "dtype": "float64",
      "py/object": "numpy.float64",
      "value": 160.66898996383836
    }
  ],
  "test_return_std_T": [
    7
  ]
}