{
  "P1_reward_mean": {
    "steps": [
      92
    ],
    "timestamps": [
      "2024-12-11T07:07:10.290938"
    ],
    "values": [
      40.34666666666667
    ]
  },
  "P2_reward_mean": {
    "steps": [
      92
    ],
    "timestamps": [
      "2024-12-11T07:07:10.290812"
    ],
    "values": [
      83.56666666666666
    ]
  },
  "P3_reward_mean": {
    "steps": [
      92
    ],
    "timestamps": [
      "2024-12-11T07:07:10.290876"
    ],
    "values": [
      122.64666666666668
    ]
  },
  "agent_0_return_mean": {
    "steps": [
      92
    ],
    "timestamps": [
      "2024-12-11T07:07:10.289675"
    ],
    "values": [
      250.63999872207643
    ]
  },
  "agent_0_return_std": {
    "steps": [
      92
    ],
    "timestamps": [
      "2024-12-11T07:07:10.289912"
    ],
    "values": [
      165.46522910111943
    ]
  },
  "agent_1_return_mean": {
    "steps": [
      92
    ],
    "timestamps": [
      "2024-12-11T07:07:10.290031"
    ],
    "values": [
      418.8500008583069
    ]
  },
  "agent_1_return_std": {
    "steps": [
      92
    ],
    "timestamps": [
      "2024-12-11T07:07:10.290151"
    ],
    "values": [
      353.2932597562421
    ]
  },
  "agent_2_return_mean": {
    "steps": [
      92
    ],
    "timestamps": [
      "2024-12-11T07:07:10.290242"
    ],
    "values": [
      622.4599956512451
    ]
  },
  "agent_2_return_std": {
    "steps": [
      92
    ],
    "timestamps": [
      "2024-12-11T07:07:10.290355"
    ],
    "values": [
      544.759377391655
    ]
  },
  "common_reward_value_mean": {
    "steps": [
      92
    ],
    "timestamps": [
      "2024-12-11T07:07:10.290692"
    ],
    "values": [
      424.96000000000004
    ]
  },
  "env_score_mean": {
    "steps": [
      92
    ],
    "timestamps": [
      "2024-12-11T07:07:10.290752"
    ],
    "values": [
      21.666666666666664
    ]
  },
  "ep_length_mean": {
    "steps": [
      92
    ],
    "timestamps": [
      "2024-12-11T07:07:10.290997"
    ],
    "values": [
      9.2
    ]
  },
  "total_return_mean": {
    "steps": [
      92
    ],
    "timestamps": [
      "2024-12-11T07:07:10.290455"
    ],
    "values": [
      1291.9499952316285
    ]
  },
  "total_return_std": {
    "steps": [
      92
    ],
    "timestamps": [
      "2024-12-11T07:07:10.290620"
    ],
    "values": [
      1063.4177718922606
    ]
  }
}