{
  "P1_reward_mean": {
    "steps": [
      8
    ],
    "timestamps": [
      "2024-12-11T07:07:18.065416"
    ],
    "values": [
      32.66666666666667
    ]
  },
  "P2_reward_mean": {
    "steps": [
      8
    ],
    "timestamps": [
      "2024-12-11T07:07:18.065581"
    ],
    "values": [
      70.66666666666666
    ]
  },
  "P3_reward_mean": {
    "steps": [
      8
    ],
    "timestamps": [
      "2024-12-11T07:07:18.065664"
    ],
    "values": [
      92.16666666666669
    ]
  },
  "agent_0_individual_reward": {
    "steps": [
      8,
      8,
      8,
      8,
      8,
      8,
      8,
      8,
      8,
      8,
      8,
      8,
      8,
      8,
      8,
      8,
      8,
      8,
      8,
      8,
      8,
      8,
      8,
      8,
      8,
      8,
      8,
      8,
      8,
      8,
      8,
      8,
      8,
      8,
      8,
      8,
      8,
      8,
      8,
      8,
      8,
      8,
      8,
      8,
      8,
      8,
      8,
      8,
      8,
      8,
      8,
      8,
      8,
      8,
      8,
      8,
      8,
      8,
      8,
      8,
      8,
      8,
      8,
      8,
      8,
      8,
      8,
      8,
      8,
      8,
      8,
      8,
      8,
      8,
      8,
      8,
      8,
      8,
      8,
      8,
      8,
      8,
      8,
      8,
      8,
      8,
      8,
      8,
      8,
      8,
      8,
      8,
      8,
      8,
      8,
      8,
      8,
      8,
      8,
      8,
      8,
      15,
      21,
      31,
      39,
      46,
      53,
      60,
      68,
      75,
      83,
      90,
      97,
      104,
      111,
      111,
      111,
      111,
      111,
      111,
      111,
      111,
      111,
      111,
      111,
      111,
      111,
      111,
      111,
      111,
      111,
      111,
      111,
      111,
      111,
      111,
      111,
      111,
      111,
      111,
      111,
      111,
      111,
      111,
      111,
      111,
      111,
      111,
      111,
      111,
      111,
      111,
      111,
      111,
      111,
      111,
      111,
      111,
      111,
      111,
      111,
      111,
      111,
      111,
      111,
      111,
      111,
      111,
      111,
      111,
      111,
      111,
      111,
      111,
      111,
      111,
      111,
      111,
      111,
      111,
      111,
      111,
      111,
      111,
      111,
      111,
      111,
      111,
      111,
      111,
      111,
      111,
      111,
      111,
      111,
      111,
      111,
      111,
      111,
      111,
      111,
      111,
      111,
      111,
      111,
      111,
      111,
      111,
      111,
      111,
      111,
      111,
      111,
      111,
      111,
      118,
      125,
      134,
      141,
      148,
      154,
      161,
      167,
      175,
      183,
      190,
      196,
      202,
      209,
      216,
      216,
      216,
      216,
      216,
      216,
      216,
      216,
      216,
      216,
      216,
      216,
      216,
      216,
      216,
      216,
      216,
      216,
      216,
      216,
      216,
      216,
      216,
      216,
      216,
      216,
      216,
      216,
      216,
      216,
      216,
      216,
      216,
      216,
      216,
      216,
      216,
      216,
      216,
      216,
      216,
      216,
      216,
      216,
      216,
      216,
      216,
      216,
      216,
      216,
      216,
      216,
      216,
      216,
      216,
      216,
      216,
      216,
      216,
      216,
      216,
      216,
      216,
      216,
      216,
      216,
      216,
      216,
      216,
      216,
      216,
      216,
      216,
      216,
      216,
      216,
      216,
      216,
      216,
      216,
      216,
      216,
      216,
      216,
      216,
      216,
      216,
      216,
      216,
      216,
      216,
      216,
      216,
      216,
      216,
      216,
      216,
      216,
      216,
      216,
      216,
      223,
      230
    ],
    "timestamps": [
      "2024-12-11T07:07:18.064206",
      "2024-12-11T07:07:18.350823",
      "2024-12-11T07:07:18.559379",
      "2024-12-11T07:07:18.879504",
      "2024-12-11T07:07:19.269761",
      "2024-12-11T07:07:19.499320",
      "2024-12-11T07:07:19.864686",
      "2024-12-11T07:07:20.100382",
      "2024-12-11T07:07:20.571992",
      "2024-12-11T07:07:20.865568",
      "2024-12-11T07:07:21.152619",
      "2024-12-11T07:07:21.572936",
      "2024-12-11T07:07:21.872508",
      "2024-12-11T07:07:22.286751",
      "2024-12-11T07:07:22.587017",
      "2024-12-11T07:07:22.860243",
      "2024-12-11T07:07:23.076880",
      "2024-12-11T07:07:23.476389",
      "2024-12-11T07:07:23.776862",
      "2024-12-11T07:07:24.165608",
      "2024-12-11T07:07:24.482708",
      "2024-12-11T07:07:24.858817",
      "2024-12-11T07:07:25.151997",
      "2024-12-11T07:07:25.399483",
      "2024-12-11T07:07:25.750557",
      "2024-12-11T07:07:26.086465",
      "2024-12-11T07:07:26.392314",
      "2024-12-11T07:07:26.687153",
      "2024-12-11T07:07:27.052821",
      "2024-12-11T07:07:27.358736",
      "2024-12-11T07:07:27.581762",
      "2024-12-11T07:07:27.872228",
      "2024-12-11T07:07:28.258115",
      "2024-12-11T07:07:28.475977",
      "2024-12-11T07:07:28.854086",
      "2024-12-11T07:07:29.069742",
      "2024-12-11T07:07:29.371941",
      "2024-12-11T07:07:29.660775",
      "2024-12-11T07:07:29.894969",
      "2024-12-11T07:07:30.287290",
      "2024-12-11T07:07:30.573330",
      "2024-12-11T07:07:30.851061",
      "2024-12-11T07:07:31.089440",
      "2024-12-11T07:07:31.392713",
      "2024-12-11T07:07:31.773554",
      "2024-12-11T07:07:31.989241",
      "2024-12-11T07:07:32.272405",
      "2024-12-11T07:07:32.491828",
      "2024-12-11T07:07:32.782535",
      "2024-12-11T07:07:33.074472",
      "2024-12-11T07:07:33.381352",
      "2024-12-11T07:07:33.670953",
      "2024-12-11T07:07:34.056705",
      "2024-12-11T07:07:34.291803",
      "2024-12-11T07:07:34.585890",
      "2024-12-11T07:07:34.878543",
      "2024-12-11T07:07:35.183919",
      "2024-12-11T07:07:35.495739",
      "2024-12-11T07:07:35.761355",
      "2024-12-11T07:07:36.072258",
      "2024-12-11T07:07:36.351342",
      "2024-12-11T07:07:36.585718",
      "2024-12-11T07:07:36.881771",
      "2024-12-11T07:07:37.170489",
      "2024-12-11T07:07:37.464676",
      "2024-12-11T07:07:37.785091",
      "2024-12-11T07:07:38.173838",
      "2024-12-11T07:07:38.559729",
      "2024-12-11T07:07:38.871008",
      "2024-12-11T07:07:39.182956",
      "2024-12-11T07:07:39.481000",
      "2024-12-11T07:07:39.773240",
      "2024-12-11T07:07:39.995047",
      "2024-12-11T07:07:40.286843",
      "2024-12-11T07:07:40.651103",
      "2024-12-11T07:07:40.882959",
      "2024-12-11T07:07:41.177714",
      "2024-12-11T07:07:41.477563",
      "2024-12-11T07:07:41.875116",
      "2024-12-11T07:07:42.187357",
      "2024-12-11T07:07:42.481431",
      "2024-12-11T07:07:42.878564",
      "2024-12-11T07:07:43.180662",
      "2024-12-11T07:07:43.451497",
      "2024-12-11T07:07:43.760411",
      "2024-12-11T07:07:44.068206",
      "2024-12-11T07:07:44.353288",
      "2024-12-11T07:07:44.651695",
      "2024-12-11T07:07:44.993964",
      "2024-12-11T07:07:45.263281",
      "2024-12-11T07:07:45.488702",
      "2024-12-11T07:07:45.862675",
      "2024-12-11T07:07:46.088399",
      "2024-12-11T07:07:46.382498",
      "2024-12-11T07:07:46.652251",
      "2024-12-11T07:07:46.967672",
      "2024-12-11T07:07:47.261052",
      "2024-12-11T07:07:47.487833",
      "2024-12-11T07:07:47.754449",
      "2024-12-11T07:07:48.151284",
      "2024-12-11T07:07:48.372678",
      "2024-12-11T07:07:48.688487",
      "2024-12-11T07:07:48.987690",
      "2024-12-11T07:07:49.457084",
      "2024-12-11T07:07:49.784922",
      "2024-12-11T07:07:50.076044",
      "2024-12-11T07:07:50.552814",
      "2024-12-11T07:07:50.873089",
      "2024-12-11T07:07:51.192218",
      "2024-12-11T07:07:51.486573",
      "2024-12-11T07:07:51.786917",
      "2024-12-11T07:07:52.068096",
      "2024-12-11T07:07:52.357537",
      "2024-12-11T07:07:52.600598",
      "2024-12-11T07:07:52.877863",
      "2024-12-11T07:07:53.253485",
      "2024-12-11T07:07:53.483184",
      "2024-12-11T07:07:53.754008",
      "2024-12-11T07:07:53.996529",
      "2024-12-11T07:07:54.361001",
      "2024-12-11T07:07:54.577963",
      "2024-12-11T07:07:54.792521",
      "2024-12-11T07:07:55.074112",
      "2024-12-11T07:07:55.387486",
      "2024-12-11T07:07:55.669188",
      "2024-12-11T07:07:55.954607",
      "2024-12-11T07:07:56.197670",
      "2024-12-11T07:07:56.562543",
      "2024-12-11T07:07:56.953079",
      "2024-12-11T07:07:57.366927",
      "2024-12-11T07:08:00.966401",
      "2024-12-11T07:08:01.365662",
      "2024-12-11T07:08:01.585896",
      "2024-12-11T07:08:01.891177",
      "2024-12-11T07:08:02.185106",
      "2024-12-11T07:08:02.471156",
      "2024-12-11T07:08:02.780165",
      "2024-12-11T07:08:03.000762",
      "2024-12-11T07:08:03.363213",
      "2024-12-11T07:08:03.669092",
      "2024-12-11T07:08:03.954296",
      "2024-12-11T07:08:04.257414",
      "2024-12-11T07:08:04.565435",
      "2024-12-11T07:08:04.866960",
      "2024-12-11T07:08:05.099394",
      "2024-12-11T07:08:05.383937",
      "2024-12-11T07:08:05.676754",
      "2024-12-11T07:08:05.962290",
      "2024-12-11T07:08:06.265689",
      "2024-12-11T07:08:06.480771",
      "2024-12-11T07:08:06.763826",
      "2024-12-11T07:08:06.996185",
      "2024-12-11T07:08:07.297940",
      "2024-12-11T07:08:07.562598",
      "2024-12-11T07:08:07.878301",
      "2024-12-11T07:08:08.177126",
      "2024-12-11T07:08:08.467190",
      "2024-12-11T07:08:08.701856",
      "2024-12-11T07:08:08.962625",
      "2024-12-11T07:08:09.193908",
      "2024-12-11T07:08:09.499360",
      "2024-12-11T07:08:09.767550",
      "2024-12-11T07:08:09.997252",
      "2024-12-11T07:08:10.280745",
      "2024-12-11T07:08:10.670717",
      "2024-12-11T07:08:10.964015",
      "2024-12-11T07:08:11.278669",
      "2024-12-11T07:08:11.576733",
      "2024-12-11T07:08:11.797903",
      "2024-12-11T07:08:12.151895",
      "2024-12-11T07:08:12.392213",
      "2024-12-11T07:08:12.676282",
      "2024-12-11T07:08:12.975384",
      "2024-12-11T07:08:13.261699",
      "2024-12-11T07:08:13.561768",
      "2024-12-11T07:08:13.858022",
      "2024-12-11T07:08:14.101675",
      "2024-12-11T07:08:14.391218",
      "2024-12-11T07:08:14.662753",
      "2024-12-11T07:08:14.956411",
      "2024-12-11T07:08:15.184400",
      "2024-12-11T07:08:15.467161",
      "2024-12-11T07:08:15.755640",
      "2024-12-11T07:08:16.061703",
      "2024-12-11T07:08:16.293217",
      "2024-12-11T07:08:16.551756",
      "2024-12-11T07:08:16.783580",
      "2024-12-11T07:08:17.086197",
      "2024-12-11T07:08:17.400119",
      "2024-12-11T07:08:17.680482",
      "2024-12-11T07:08:17.958696",
      "2024-12-11T07:08:18.186629",
      "2024-12-11T07:08:18.398589",
      "2024-12-11T07:08:18.689303",
      "2024-12-11T07:08:18.950837",
      "2024-12-11T07:08:19.182107",
      "2024-12-11T07:08:19.487904",
      "2024-12-11T07:08:19.774130",
      "2024-12-11T07:08:20.168210",
      "2024-12-11T07:08:20.459091",
      "2024-12-11T07:08:20.900118",
      "2024-12-11T07:08:21.184685",
      "2024-12-11T07:08:21.482152",
      "2024-12-11T07:08:21.764185",
      "2024-12-11T07:08:22.001646",
      "2024-12-11T07:08:22.362777",
      "2024-12-11T07:08:22.592388",
      "2024-12-11T07:08:22.960689",
      "2024-12-11T07:08:23.280445",
      "2024-12-11T07:08:23.593030",
      "2024-12-11T07:08:23.869114",
      "2024-12-11T07:08:24.169100",
      "2024-12-11T07:08:24.472506",
      "2024-12-11T07:08:24.688268",
      "2024-12-11T07:08:24.950590",
      "2024-12-11T07:08:25.258332",
      "2024-12-11T07:08:25.561775",
      "2024-12-11T07:08:25.964005",
      "2024-12-11T07:08:26.251485",
      "2024-12-11T07:08:26.493458",
      "2024-12-11T07:08:26.764874",
      "2024-12-11T07:08:26.989588",
      "2024-12-11T07:08:27.263303",
      "2024-12-11T07:08:27.565045",
      "2024-12-11T07:08:27.863414",
      "2024-12-11T07:08:28.151556",
      "2024-12-11T07:08:28.369629",
      "2024-12-11T07:08:28.584405",
      "2024-12-11T07:08:28.878162",
      "2024-12-11T07:08:29.186356",
      "2024-12-11T07:08:29.481215",
      "2024-12-11T07:08:29.792451",
      "2024-12-11T07:08:30.054460",
      "2024-12-11T07:08:30.350922",
      "2024-12-11T07:08:30.653564",
      "2024-12-11T07:08:30.974442",
      "2024-12-11T07:08:31.279533",
      "2024-12-11T07:08:31.566769",
      "2024-12-11T07:08:31.959109",
      "2024-12-11T07:08:32.197996",
      "2024-12-11T07:08:32.474351",
      "2024-12-11T07:08:32.776593",
      "2024-12-11T07:08:33.096428",
      "2024-12-11T07:08:33.390152",
      "2024-12-11T07:08:33.692982",
      "2024-12-11T07:08:34.085280",
      "2024-12-11T07:08:34.456411",
      "2024-12-11T07:08:34.692779",
      "2024-12-11T07:08:34.973129",
      "2024-12-11T07:08:35.194489",
      "2024-12-11T07:08:35.561952",
      "2024-12-11T07:08:35.870700",
      "2024-12-11T07:08:36.192212",
      "2024-12-11T07:08:36.464207",
      "2024-12-11T07:08:36.691466",
      "2024-12-11T07:08:36.992393",
      "2024-12-11T07:08:37.355717",
      "2024-12-11T07:08:37.585786",
      "2024-12-11T07:08:37.871982",
      "2024-12-11T07:08:38.188084",
      "2024-12-11T07:08:38.563913",
      "2024-12-11T07:08:38.879188",
      "2024-12-11T07:08:39.179434",
      "2024-12-11T07:08:39.395629",
      "2024-12-11T07:08:39.680232",
      "2024-12-11T07:08:39.960625",
      "2024-12-11T07:08:40.192439",
      "2024-12-11T07:08:40.497189",
      "2024-12-11T07:08:40.777227",
      "2024-12-11T07:08:41.277485",
      "2024-12-11T07:08:41.574680",
      "2024-12-11T07:08:41.860137",
      "2024-12-11T07:08:42.150337",
      "2024-12-11T07:08:42.371660",
      "2024-12-11T07:08:42.597195",
      "2024-12-11T07:08:42.870709",
      "2024-12-11T07:08:43.183833",
      "2024-12-11T07:08:43.484223",
      "2024-12-11T07:08:43.751266",
      "2024-12-11T07:08:44.064392",
      "2024-12-11T07:08:44.367915",
      "2024-12-11T07:08:44.653432",
      "2024-12-11T07:08:44.875555",
      "2024-12-11T07:08:45.099565",
      "2024-12-11T07:08:45.465053",
      "2024-12-11T07:08:45.792335",
      "2024-12-11T07:08:46.075249",
      "2024-12-11T07:08:46.362685",
      "2024-12-11T07:08:46.601470",
      "2024-12-11T07:08:46.951607",
      "2024-12-11T07:08:47.183257",
      "2024-12-11T07:08:47.451692",
      "2024-12-11T07:08:47.854343",
      "2024-12-11T07:08:48.067036",
      "2024-12-11T07:08:48.354893",
      "2024-12-11T07:08:48.587188",
      "2024-12-11T07:08:48.884410",
      "2024-12-11T07:08:49.192413",
      "2024-12-11T07:08:49.487266",
      "2024-12-11T07:08:49.782775",
      "2024-12-11T07:08:50.068731",
      "2024-12-11T07:08:50.372720",
      "2024-12-11T07:08:50.685864",
      "2024-12-11T07:08:50.962596",
      "2024-12-11T07:08:51.281156",
      "2024-12-11T07:08:51.850848",
      "2024-12-11T07:08:52.095801",
      "2024-12-11T07:08:52.463271",
      "2024-12-11T07:08:52.752585",
      "2024-12-11T07:08:52.982867",
      "2024-12-11T07:08:53.278406",
      "2024-12-11T07:08:53.662885",
      "2024-12-11T07:08:53.955766",
      "2024-12-11T07:08:54.256733",
      "2024-12-11T07:08:54.563711",
      "2024-12-11T07:08:54.854898",
      "2024-12-11T07:08:55.152736",
      "2024-12-11T07:08:55.391307",
      "2024-12-11T07:08:55.659846",
      "2024-12-11T07:08:55.877714",
      "2024-12-11T07:08:56.155846",
      "2024-12-11T07:08:56.450133",
      "2024-12-11T07:08:56.767315",
      "2024-12-11T07:08:57.000808",
      "2024-12-11T07:08:57.360019",
      "2024-12-11T07:08:57.678991",
      "2024-12-11T07:08:57.968279",
      "2024-12-11T07:08:58.200015",
      "2024-12-11T07:08:58.492195",
      "2024-12-11T07:08:58.779205",
      "2024-12-11T07:08:59.077544",
      "2024-12-11T07:08:59.382559"
    ],
    "values": [
      180.90000247955322,
      156.63333415985107,
      128.7666654586792,
      155.13333415985107,
      142.83333015441895,
      121.26666736602783,
      176.10000228881836,
      147.03333187103271,
      186.89999866485596,
      152.7333345413208,
      175.7999973297119,
      214.46666812896729,
      117.96666622161865,
      180.29999828338623,
      153.3333330154419,
      150.93333530426025,
      143.1333360671997,
      158.43333339691162,
      158.13333415985107,
      144.93333530426025,
      150.33333683013916,
      143.73333358764648,
      150.33333110809326,
      149.1333351135254,
      123.66666507720947,
      151.53332996368408,
      183.5999994277954,
      121.2666654586792,
      176.7000026702881,
      125.1666669845581,
      121.2666654586792,
      122.46666812896729,
      193.1666660308838,
      123.66666507720947,
      211.16666412353516,
      123.66666507720947,
      156.93333530426025,
      155.433331489563,
      152.7333345413208,
      188.09999752044678,
      149.13333225250244,
      156.93333530426025,
      154.23333072662354,
      147.63333415985107,
      123.06666660308838,
      123.36666774749756,
      147.63333415985107,
      122.46666812896729,
      159.33333110809326,
      125.7666654586792,
      191.40000247955322,
      123.66666507720947,
      217.46667194366455,
      153.63333415985107,
      158.13333415985107,
      142.53333473205566,
      186.89999866485596,
      179.69999599456787,
      127.86666774749756,
      187.49999904632568,
      143.73333549499512,
      146.43333339691162,
      143.73333168029785,
      117.96666622161865,
      180.90000247955322,
      152.13333225250244,
      155.7333345413208,
      149.1333351135254,
      184.20000171661377,
      178.49999904632568,
      146.43333339691162,
      152.7333345413208,
      126.66666507720947,
      125.7666654586792,
      225.26666736602783,
      156.93333530426025,
      155.73333644866943,
      152.433331489563,
      147.63333415985107,
      173.39999961853027,
      153.93333530426025,
      206.36666584014893,
      151.53333377838135,
      127.86666774749756,
      188.6999979019165,
      168.00000095367432,
      155.13333415985107,
      163.2333345413208,
      187.1999979019165,
      126.66666507720947,
      126.66666507720947,
      178.49999809265137,
      145.83333110809326,
      196.1999979019165,
      125.1666669845581,
      166.80000114440918,
      153.63333415985107,
      126.66666507720947,
      121.2666654586792,
      217.46666812896729,
      122.46666812896729,
      147.03333377838135,
      121.2666654586792,
      276.5333318710327,
      190.8000020980835,
      156.93333530426025,
      150.93333530426025,
      158.13333415985107,
      181.8000020980835,
      159.6333303451538,
      194.6999979019165,
      153.03333377838135,
      147.93333530426025,
      147.6333360671997,
      151.53333377838135,
      182.99999904632568,
      154.8333330154419,
      152.13333225250244,
      158.13333415985107,
      150.03333377838135,
      121.2666654586792,
      124.26666736602783,
      153.63333415985107,
      184.49999904632568,
      147.63333415985107,
      148.2333345413208,
      149.13333225250244,
      152.7333345413208,
      150.93333339691162,
      164.0999984741211,
      17270.333357810974,
      188.99999904632568,
      126.66666507720947,
      151.2333345413208,
      155.433331489563,
      127.86666774749756,
      141.3333339691162,
      123.66666507720947,
      186.0,
      148.8333330154419,
      155.433331489563,
      155.433331489563,
      149.13333415985107,
      177.29999923706055,
      122.46666812896729,
      143.43333339691162,
      149.73333263397217,
      155.433331489563,
      183.00000286102295,
      125.1666669845581,
      150.03333377838135,
      123.66666507720947,
      186.29999828338623,
      144.63333415985107,
      199.7999963760376,
      147.63333415985107,
      137.73333263397217,
      158.13333415985107,
      128.7666654586792,
      156.63333415985107,
      177.59999561309814,
      123.66666507720947,
      123.66666507720947,
      153.63333415985107,
      153.63333415985107,
      147.63333415985107,
      159.33333110809326,
      143.43333339691162,
      126.66666507720947,
      148.53333377838135,
      152.7333345413208,
      149.13333225250244,
      152.13333225250244,
      154.23333263397217,
      156.63333415985107,
      152.7333345413208,
      152.13333225250244,
      153.63333415985107,
      119.76666736602783,
      146.433331489563,
      121.2666654586792,
      151.83333110809326,
      151.53333377838135,
      122.46666812896729,
      151.53333377838135,
      119.16666507720947,
      154.23333072662354,
      172.80000114440918,
      179.99999713897705,
      151.2333345413208,
      144.93333530426025,
      154.8333330154419,
      122.46666812896729,
      151.2333345413208,
      121.2666654586792,
      155.433331489563,
      182.40000247955322,
      150.6333303451538,
      185.69999980926514,
      158.13333415985107,
      147.63333415985107,
      149.13333225250244,
      148.8333330154419,
      150.33333110809326,
      156.93333530426025,
      158.13333415985107,
      121.2666654586792,
      182.99999904632568,
      192.60000133514404,
      156.63333415985107,
      121.2666654586792,
      152.13333225250244,
      175.19999980926514,
      127.86666774749756,
      123.66666507720947,
      149.13333225250244,
      152.13333225250244,
      215.96666431427002,
      160.53332996368408,
      142.53333187103271,
      123.66666507720947,
      156.93333530426025,
      123.66666507720947,
      173.39999961853027,
      193.19999980926514,
      154.8333330154419,
      125.1666669845581,
      125.7666654586792,
      142.53333568572998,
      152.13333225250244,
      148.83333492279053,
      176.39999675750732,
      119.76666736602783,
      150.93333530426025,
      151.23333072662354,
      123.66666507720947,
      156.63333415985107,
      124.26666736602783,
      222.26666355133057,
      151.53333377838135,
      124.26666736602783,
      156.63333415985107,
      186.0,
      150.3333330154419,
      147.63333415985107,
      217.16666793823242,
      193.49999904632568,
      148.2333345413208,
      149.13333225250244,
      149.13333415985107,
      147.3333330154419,
      149.13333225250244,
      218.96666812896729,
      155.433331489563,
      147.93333339691162,
      184.50000095367432,
      181.2000036239624,
      145.83333110809326,
      152.7333345413208,
      155.433331489563,
      178.50000190734863,
      193.49999904632568,
      171.5999984741211,
      122.46666812896729,
      156.63333415985107,
      144.6333303451538,
      152.7333345413208,
      179.0999994277954,
      123.66666507720947,
      223.46667194366455,
      155.433331489563,
      155.433331489563,
      154.23333072662354,
      122.46666812896729,
      125.1666669845581,
      148.53333568572998,
      168.60000228881836,
      188.09999752044678,
      121.2666654586792,
      155.433331489563,
      177.29999923706055,
      156.93333530426025,
      127.86666774749756,
      123.66666507720947,
      185.69999980926514,
      192.59999752044678,
      157.8333330154419,
      142.53333282470703,
      161.13333225250244,
      159.6333303451538,
      121.2666654586792,
      125.1666669845581,
      234.56667041778564,
      127.86666774749756,
      155.73333644866943,
      153.933331489563,
      185.4000005722046,
      148.83333492279053,
      154.8333330154419,
      182.99999904632568,
      190.7999963760376,
      149.7333345413208,
      163.2333345413208,
      156.93333530426025,
      183.5999994277954,
      153.63333415985107,
      156.93333530426025,
      214.46666812896729,
      115.86666584014893,
      146.73333263397217,
      144.93333530426025,
      183.89999771118164,
      158.73333263397217,
      156.63333415985107,
      158.73333263397217,
      156.63333415985107,
      186.29999828338623,
      155.433331489563,
      141.33333206176758,
      125.1666669845581,
      125.7666654586792,
      151.53333377838135,
      180.8999948501587,
      155.433331489563,
      188.09999752044678,
      138.03333282470703,
      128.7666654586792,
      155.433331489563,
      184.20000171661377,
      140.73333072662354,
      155.433331489563,
      149.13333225250244
    ]
  },
  "agent_0_return_mean": {
    "steps": [
      8
    ],
    "timestamps": [
      "2024-12-11T07:07:18.064586"
    ],
    "values": [
      180.90000247955322
    ]
  },
  "agent_0_return_std": {
    "steps": [
      8
    ],
    "timestamps": [
      "2024-12-11T07:07:18.064648"
    ],
    "values": [
      0.0
    ]
  },
  "agent_1_individual_reward": {
    "steps": [
      8,
      8,
      8,
      8,
      8,
      8,
      8,
      8,
      8,
      8,
      8,
      8,
      8,
      8,
      8,
      8,
      8,
      8,
      8,
      8,
      8,
      8,
      8,
      8,
      8,
      8,
      8,
      8,
      8,
      8,
      8,
      8,
      8,
      8,
      8,
      8,
      8,
      8,
      8,
      8,
      8,
      8,
      8,
      8,
      8,
      8,
      8,
      8,
      8,
      8,
      8,
      8,
      8,
      8,
      8,
      8,
      8,
      8,
      8,
      8,
      8,
      8,
      8,
      8,
      8,
      8,
      8,
      8,
      8,
      8,
      8,
      8,
      8,
      8,
      8,
      8,
      8,
      8,
      8,
      8,
      8,
      8,
      8,
      8,
      8,
      8,
      8,
      8,
      8,
      8,
      8,
      8,
      8,
      8,
      8,
      8,
      8,
      8,
      8,
      8,
      8,
      15,
      21,
      31,
      39,
      46,
      53,
      60,
      68,
      75,
      83,
      90,
      97,
      104,
      111,
      111,
      111,
      111,
      111,
      111,
      111,
      111,
      111,
      111,
      111,
      111,
      111,
      111,
      111,
      111,
      111,
      111,
      111,
      111,
      111,
      111,
      111,
      111,
      111,
      111,
      111,
      111,
      111,
      111,
      111,
      111,
      111,
      111,
      111,
      111,
      111,
      111,
      111,
      111,
      111,
      111,
      111,
      111,
      111,
      111,
      111,
      111,
      111,
      111,
      111,
      111,
      111,
      111,
      111,
      111,
      111,
      111,
      111,
      111,
      111,
      111,
      111,
      111,
      111,
      111,
      111,
      111,
      111,
      111,
      111,
      111,
      111,
      111,
      111,
      111,
      111,
      111,
      111,
      111,
      111,
      111,
      111,
      111,
      111,
      111,
      111,
      111,
      111,
      111,
      111,
      111,
      111,
      111,
      111,
      111,
      111,
      111,
      111,
      111,
      111,
      118,
      125,
      134,
      141,
      148,
      154,
      161,
      167,
      175,
      183,
      190,
      196,
      202,
      209,
      216,
      216,
      216,
      216,
      216,
      216,
      216,
      216,
      216,
      216,
      216,
      216,
      216,
      216,
      216,
      216,
      216,
      216,
      216,
      216,
      216,
      216,
      216,
      216,
      216,
      216,
      216,
      216,
      216,
      216,
      216,
      216,
      216,
      216,
      216,
      216,
      216,
      216,
      216,
      216,
      216,
      216,
      216,
      216,
      216,
      216,
      216,
      216,
      216,
      216,
      216,
      216,
      216,
      216,
      216,
      216,
      216,
      216,
      216,
      216,
      216,
      216,
      216,
      216,
      216,
      216,
      216,
      216,
      216,
      216,
      216,
      216,
      216,
      216,
      216,
      216,
      216,
      216,
      216,
      216,
      216,
      216,
      216,
      216,
      216,
      216,
      216,
      216,
      216,
      216,
      216,
      216,
      216,
      216,
      216,
      216,
      216,
      216,
      216,
      216,
      216,
      223,
      230
    ],
    "timestamps": [
      "2024-12-11T07:07:18.064288",
      "2024-12-11T07:07:18.350972",
      "2024-12-11T07:07:18.559465",
      "2024-12-11T07:07:18.879849",
      "2024-12-11T07:07:19.272134",
      "2024-12-11T07:07:19.499382",
      "2024-12-11T07:07:19.864770",
      "2024-12-11T07:07:20.100451",
      "2024-12-11T07:07:20.572342",
      "2024-12-11T07:07:20.865978",
      "2024-12-11T07:07:21.153006",
      "2024-12-11T07:07:21.573299",
      "2024-12-11T07:07:21.872883",
      "2024-12-11T07:07:22.287109",
      "2024-12-11T07:07:22.587389",
      "2024-12-11T07:07:22.860335",
      "2024-12-11T07:07:23.076964",
      "2024-12-11T07:07:23.476479",
      "2024-12-11T07:07:23.776936",
      "2024-12-11T07:07:24.165695",
      "2024-12-11T07:07:24.483100",
      "2024-12-11T07:07:24.859188",
      "2024-12-11T07:07:25.152077",
      "2024-12-11T07:07:25.399544",
      "2024-12-11T07:07:25.750722",
      "2024-12-11T07:07:26.086823",
      "2024-12-11T07:07:26.392399",
      "2024-12-11T07:07:26.687234",
      "2024-12-11T07:07:27.053188",
      "2024-12-11T07:07:27.358827",
      "2024-12-11T07:07:27.581849",
      "2024-12-11T07:07:27.872315",
      "2024-12-11T07:07:28.258475",
      "2024-12-11T07:07:28.476360",
      "2024-12-11T07:07:28.854485",
      "2024-12-11T07:07:29.070107",
      "2024-12-11T07:07:29.372023",
      "2024-12-11T07:07:29.661179",
      "2024-12-11T07:07:29.895062",
      "2024-12-11T07:07:30.287625",
      "2024-12-11T07:07:30.573689",
      "2024-12-11T07:07:30.851479",
      "2024-12-11T07:07:31.089815",
      "2024-12-11T07:07:31.392794",
      "2024-12-11T07:07:31.773628",
      "2024-12-11T07:07:31.989613",
      "2024-12-11T07:07:32.272777",
      "2024-12-11T07:07:32.492196",
      "2024-12-11T07:07:32.782902",
      "2024-12-11T07:07:33.074547",
      "2024-12-11T07:07:33.381440",
      "2024-12-11T07:07:33.671051",
      "2024-12-11T07:07:34.056831",
      "2024-12-11T07:07:34.292184",
      "2024-12-11T07:07:34.586000",
      "2024-12-11T07:07:34.878631",
      "2024-12-11T07:07:35.184026",
      "2024-12-11T07:07:35.495846",
      "2024-12-11T07:07:35.761755",
      "2024-12-11T07:07:36.072351",
      "2024-12-11T07:07:36.351831",
      "2024-12-11T07:07:36.585805",
      "2024-12-11T07:07:36.882129",
      "2024-12-11T07:07:37.170586",
      "2024-12-11T07:07:37.464761",
      "2024-12-11T07:07:37.785185",
      "2024-12-11T07:07:38.173976",
      "2024-12-11T07:07:38.559805",
      "2024-12-11T07:07:38.871411",
      "2024-12-11T07:07:39.183057",
      "2024-12-11T07:07:39.481390",
      "2024-12-11T07:07:39.773651",
      "2024-12-11T07:07:39.995417",
      "2024-12-11T07:07:40.287259",
      "2024-12-11T07:07:40.651257",
      "2024-12-11T07:07:40.883304",
      "2024-12-11T07:07:41.178095",
      "2024-12-11T07:07:41.477903",
      "2024-12-11T07:07:41.875207",
      "2024-12-11T07:07:42.187748",
      "2024-12-11T07:07:42.481526",
      "2024-12-11T07:07:42.878642",
      "2024-12-11T07:07:43.180754",
      "2024-12-11T07:07:43.451927",
      "2024-12-11T07:07:43.760497",
      "2024-12-11T07:07:44.068549",
      "2024-12-11T07:07:44.353362",
      "2024-12-11T07:07:44.651790",
      "2024-12-11T07:07:44.994315",
      "2024-12-11T07:07:45.263358",
      "2024-12-11T07:07:45.488788",
      "2024-12-11T07:07:45.862774",
      "2024-12-11T07:07:46.088775",
      "2024-12-11T07:07:46.382598",
      "2024-12-11T07:07:46.652620",
      "2024-12-11T07:07:46.967759",
      "2024-12-11T07:07:47.261400",
      "2024-12-11T07:07:47.488203",
      "2024-12-11T07:07:47.754846",
      "2024-12-11T07:07:48.151385",
      "2024-12-11T07:07:48.373093",
      "2024-12-11T07:07:48.688886",
      "2024-12-11T07:07:48.987823",
      "2024-12-11T07:07:49.457218",
      "2024-12-11T07:07:49.785300",
      "2024-12-11T07:07:50.076386",
      "2024-12-11T07:07:50.553223",
      "2024-12-11T07:07:50.873454",
      "2024-12-11T07:07:51.192592",
      "2024-12-11T07:07:51.486937",
      "2024-12-11T07:07:51.787271",
      "2024-12-11T07:07:52.068463",
      "2024-12-11T07:07:52.357904",
      "2024-12-11T07:07:52.600660",
      "2024-12-11T07:07:52.878243",
      "2024-12-11T07:07:53.253579",
      "2024-12-11T07:07:53.483293",
      "2024-12-11T07:07:53.754129",
      "2024-12-11T07:07:53.996908",
      "2024-12-11T07:07:54.361074",
      "2024-12-11T07:07:54.578319",
      "2024-12-11T07:07:54.792960",
      "2024-12-11T07:07:55.074213",
      "2024-12-11T07:07:55.387569",
      "2024-12-11T07:07:55.669571",
      "2024-12-11T07:07:55.954961",
      "2024-12-11T07:07:56.197742",
      "2024-12-11T07:07:56.562867",
      "2024-12-11T07:07:56.953184",
      "2024-12-11T07:07:57.367371",
      "2024-12-11T07:08:00.966748",
      "2024-12-11T07:08:01.365748",
      "2024-12-11T07:08:01.586279",
      "2024-12-11T07:08:01.891567",
      "2024-12-11T07:08:02.185187",
      "2024-12-11T07:08:02.471232",
      "2024-12-11T07:08:02.780239",
      "2024-12-11T07:08:03.000864",
      "2024-12-11T07:08:03.363313",
      "2024-12-11T07:08:03.669181",
      "2024-12-11T07:08:03.954650",
      "2024-12-11T07:08:04.257502",
      "2024-12-11T07:08:04.565519",
      "2024-12-11T07:08:04.867047",
      "2024-12-11T07:08:05.099477",
      "2024-12-11T07:08:05.384035",
      "2024-12-11T07:08:05.677122",
      "2024-12-11T07:08:05.962657",
      "2024-12-11T07:08:06.265778",
      "2024-12-11T07:08:06.481138",
      "2024-12-11T07:08:06.763911",
      "2024-12-11T07:08:06.996394",
      "2024-12-11T07:08:07.298015",
      "2024-12-11T07:08:07.562966",
      "2024-12-11T07:08:07.878404",
      "2024-12-11T07:08:08.177494",
      "2024-12-11T07:08:08.467269",
      "2024-12-11T07:08:08.750023",
      "2024-12-11T07:08:08.962992",
      "2024-12-11T07:08:09.194293",
      "2024-12-11T07:08:09.499422",
      "2024-12-11T07:08:09.767636",
      "2024-12-11T07:08:09.997347",
      "2024-12-11T07:08:10.281110",
      "2024-12-11T07:08:10.671071",
      "2024-12-11T07:08:10.964386",
      "2024-12-11T07:08:11.279021",
      "2024-12-11T07:08:11.577122",
      "2024-12-11T07:08:11.798017",
      "2024-12-11T07:08:12.152290",
      "2024-12-11T07:08:12.392298",
      "2024-12-11T07:08:12.676357",
      "2024-12-11T07:08:12.975463",
      "2024-12-11T07:08:13.262088",
      "2024-12-11T07:08:13.562166",
      "2024-12-11T07:08:13.858125",
      "2024-12-11T07:08:14.101750",
      "2024-12-11T07:08:14.391582",
      "2024-12-11T07:08:14.663124",
      "2024-12-11T07:08:14.956744",
      "2024-12-11T07:08:15.184763",
      "2024-12-11T07:08:15.467530",
      "2024-12-11T07:08:15.755792",
      "2024-12-11T07:08:16.061805",
      "2024-12-11T07:08:16.293301",
      "2024-12-11T07:08:16.551839",
      "2024-12-11T07:08:16.783655",
      "2024-12-11T07:08:17.086271",
      "2024-12-11T07:08:17.400181",
      "2024-12-11T07:08:17.680853",
      "2024-12-11T07:08:17.958785",
      "2024-12-11T07:08:18.186979",
      "2024-12-11T07:08:18.398834",
      "2024-12-11T07:08:18.689641",
      "2024-12-11T07:08:18.950926",
      "2024-12-11T07:08:19.182511",
      "2024-12-11T07:08:19.488289",
      "2024-12-11T07:08:19.774203",
      "2024-12-11T07:08:20.168579",
      "2024-12-11T07:08:20.459475",
      "2024-12-11T07:08:20.900180",
      "2024-12-11T07:08:21.185028",
      "2024-12-11T07:08:21.482259",
      "2024-12-11T07:08:21.764263",
      "2024-12-11T07:08:22.001711",
      "2024-12-11T07:08:22.362851",
      "2024-12-11T07:08:22.592484",
      "2024-12-11T07:08:22.961049",
      "2024-12-11T07:08:23.280521",
      "2024-12-11T07:08:23.593388",
      "2024-12-11T07:08:23.869448",
      "2024-12-11T07:08:24.169472",
      "2024-12-11T07:08:24.472871",
      "2024-12-11T07:08:24.688638",
      "2024-12-11T07:08:24.951077",
      "2024-12-11T07:08:25.258423",
      "2024-12-11T07:08:25.562134",
      "2024-12-11T07:08:25.964078",
      "2024-12-11T07:08:26.251933",
      "2024-12-11T07:08:26.493551",
      "2024-12-11T07:08:26.765232",
      "2024-12-11T07:08:26.989675",
      "2024-12-11T07:08:27.263638",
      "2024-12-11T07:08:27.565407",
      "2024-12-11T07:08:27.863778",
      "2024-12-11T07:08:28.151899",
      "2024-12-11T07:08:28.370008",
      "2024-12-11T07:08:28.584767",
      "2024-12-11T07:08:28.878523",
      "2024-12-11T07:08:29.186451",
      "2024-12-11T07:08:29.481305",
      "2024-12-11T07:08:29.792536",
      "2024-12-11T07:08:30.054887",
      "2024-12-11T07:08:30.351009",
      "2024-12-11T07:08:30.654013",
      "2024-12-11T07:08:30.974534",
      "2024-12-11T07:08:31.279885",
      "2024-12-11T07:08:31.567116",
      "2024-12-11T07:08:31.959490",
      "2024-12-11T07:08:32.198072",
      "2024-12-11T07:08:32.474684",
      "2024-12-11T07:08:32.776944",
      "2024-12-11T07:08:33.096775",
      "2024-12-11T07:08:33.390542",
      "2024-12-11T07:08:33.693058",
      "2024-12-11T07:08:34.085381",
      "2024-12-11T07:08:34.456509",
      "2024-12-11T07:08:34.692858",
      "2024-12-11T07:08:34.973214",
      "2024-12-11T07:08:35.194837",
      "2024-12-11T07:08:35.562045",
      "2024-12-11T07:08:35.870772",
      "2024-12-11T07:08:36.192297",
      "2024-12-11T07:08:36.464281",
      "2024-12-11T07:08:36.691819",
      "2024-12-11T07:08:36.992511",
      "2024-12-11T07:08:37.355802",
      "2024-12-11T07:08:37.585872",
      "2024-12-11T07:08:37.872070",
      "2024-12-11T07:08:38.188171",
      "2024-12-11T07:08:38.564267",
      "2024-12-11T07:08:38.879531",
      "2024-12-11T07:08:39.179772",
      "2024-12-11T07:08:39.395693",
      "2024-12-11T07:08:39.680565",
      "2024-12-11T07:08:39.960957",
      "2024-12-11T07:08:40.192525",
      "2024-12-11T07:08:40.497256",
      "2024-12-11T07:08:40.777653",
      "2024-12-11T07:08:41.277557",
      "2024-12-11T07:08:41.574769",
      "2024-12-11T07:08:41.860214",
      "2024-12-11T07:08:42.150537",
      "2024-12-11T07:08:42.371746",
      "2024-12-11T07:08:42.597272",
      "2024-12-11T07:08:42.871085",
      "2024-12-11T07:08:43.184535",
      "2024-12-11T07:08:43.484298",
      "2024-12-11T07:08:43.751698",
      "2024-12-11T07:08:44.064761",
      "2024-12-11T07:08:44.368271",
      "2024-12-11T07:08:44.653520",
      "2024-12-11T07:08:44.876076",
      "2024-12-11T07:08:45.099624",
      "2024-12-11T07:08:45.465389",
      "2024-12-11T07:08:45.792425",
      "2024-12-11T07:08:46.075649",
      "2024-12-11T07:08:46.363060",
      "2024-12-11T07:08:46.601538",
      "2024-12-11T07:08:46.952077",
      "2024-12-11T07:08:47.183625",
      "2024-12-11T07:08:47.452041",
      "2024-12-11T07:08:47.854800",
      "2024-12-11T07:08:48.067369",
      "2024-12-11T07:08:48.354976",
      "2024-12-11T07:08:48.587557",
      "2024-12-11T07:08:48.884490",
      "2024-12-11T07:08:49.192764",
      "2024-12-11T07:08:49.487362",
      "2024-12-11T07:08:49.782853",
      "2024-12-11T07:08:50.068818",
      "2024-12-11T07:08:50.372809",
      "2024-12-11T07:08:50.686243",
      "2024-12-11T07:08:50.962978",
      "2024-12-11T07:08:51.281236",
      "2024-12-11T07:08:51.850951",
      "2024-12-11T07:08:52.095883",
      "2024-12-11T07:08:52.463394",
      "2024-12-11T07:08:52.752667",
      "2024-12-11T07:08:52.982956",
      "2024-12-11T07:08:53.278751",
      "2024-12-11T07:08:53.662975",
      "2024-12-11T07:08:53.956197",
      "2024-12-11T07:08:54.257207",
      "2024-12-11T07:08:54.563806",
      "2024-12-11T07:08:54.855042",
      "2024-12-11T07:08:55.152818",
      "2024-12-11T07:08:55.391389",
      "2024-12-11T07:08:55.659918",
      "2024-12-11T07:08:55.877799",
      "2024-12-11T07:08:56.156249",
      "2024-12-11T07:08:56.450296",
      "2024-12-11T07:08:56.767401",
      "2024-12-11T07:08:57.000879",
      "2024-12-11T07:08:57.360092",
      "2024-12-11T07:08:57.679069",
      "2024-12-11T07:08:57.968353",
      "2024-12-11T07:08:58.200082",
      "2024-12-11T07:08:58.492534",
      "2024-12-11T07:08:58.779572",
      "2024-12-11T07:08:59.077925",
      "2024-12-11T07:08:59.382643"
    ],
    "values": [
      273.75,
      231.58333206176758,
      169.16666793823242,
      218.08333587646484,
      194.08333683013916,
      156.41666793823242,
      257.2500009536743,
      213.58333587646484,
      292.5,
      212.83333587646484,
      267.7500009536743,
      344.41666412353516,
      160.16666793823242,
      278.25,
      209.83333587646484,
      222.58333587646484,
      201.58333587646484,
      225.58333587646484,
      236.08333206176758,
      209.08333587646484,
      218.83333587646484,
      205.33333587646484,
      215.83333587646484,
      218.08333587646484,
      170.66666793823242,
      207.58333587646484,
      285.0,
      166.91666793823242,
      254.25000095367432,
      162.41666793823242,
      166.91666793823242,
      169.16666793823242,
      296.4166669845581,
      170.66666793823242,
      338.41666412353516,
      170.66666793823242,
      233.83333206176758,
      228.58333206176758,
      222.58333587646484,
      294.75,
      217.33333587646484,
      232.33333206176758,
      226.33333587646484,
      215.83333587646484,
      160.16666793823242,
      160.16666793823242,
      212.83333587646484,
      169.16666793823242,
      234.58333206176758,
      165.41666793823242,
      301.5,
      170.66666793823242,
      339.16666412353516,
      227.08333206176758,
      234.58333206176758,
      204.58333683013916,
      285.75,
      276.75,
      169.16666793823242,
      293.25,
      206.08333683013916,
      212.83333587646484,
      200.83333587646484,
      160.16666793823242,
      273.75,
      215.83333587646484,
      232.33333206176758,
      208.33333587646484,
      282.0,
      274.5,
      212.83333587646484,
      212.83333587646484,
      166.91666793823242,
      165.41666793823242,
      366.91666412353516,
      233.83333206176758,
      221.08333587646484,
      223.33333587646484,
      212.83333587646484,
      260.2500009536743,
      226.33333587646484,
      320.4166669845581,
      222.58333587646484,
      166.91666793823242,
      288.75,
      241.49999856948853,
      220.33333587646484,
      231.58333206176758,
      288.0,
      163.91666793823242,
      166.91666793823242,
      265.5000009536743,
      210.58333587646484,
      306.0,
      160.16666793823242,
      247.49999904632568,
      224.08333587646484,
      166.91666793823242,
      154.16666793823242,
      348.16666412353516,
      169.16666793823242,
      214.33333587646484,
      166.91666793823242,
      449.5833282470703,
      289.5,
      230.08333587646484,
      222.58333587646484,
      233.83333206176758,
      281.25,
      229.33333587646484,
      306.0,
      210.58333587646484,
      205.33333587646484,
      205.33333587646484,
      210.58333587646484,
      283.5,
      227.08333206176758,
      218.08333587646484,
      234.58333206176758,
      219.58333587646484,
      166.91666793823242,
      162.41666793823242,
      227.08333206176758,
      281.25,
      215.83333587646484,
      214.33333587646484,
      211.33333587646484,
      221.08333587646484,
      220.33333587646484,
      237.75000286102295,
      41087.583850860596,
      296.25,
      166.91666793823242,
      223.33333587646484,
      230.83333206176758,
      167.66666793823242,
      201.58333587646484,
      170.66666793823242,
      285.75,
      218.08333587646484,
      228.58333206176758,
      230.83333206176758,
      218.83333587646484,
      267.0000009536743,
      169.16666793823242,
      200.83333587646484,
      220.33333587646484,
      230.83333206176758,
      281.25,
      163.91666793823242,
      214.33333587646484,
      170.66666793823242,
      288.0,
      206.83333587646484,
      300.75,
      214.33333587646484,
      195.5833339691162,
      236.08333206176758,
      169.16666793823242,
      230.83333206176758,
      270.75,
      170.66666793823242,
      170.66666793823242,
      222.58333587646484,
      227.08333206176758,
      208.33333587646484,
      234.58333206176758,
      198.58333587646484,
      162.41666793823242,
      218.08333587646484,
      222.58333587646484,
      211.33333587646484,
      224.08333587646484,
      215.83333587646484,
      230.83333206176758,
      224.83333206176758,
      220.33333587646484,
      225.58333587646484,
      163.91666793823242,
      210.58333587646484,
      166.91666793823242,
      210.58333587646484,
      222.58333587646484,
      158.66666793823242,
      218.83333587646484,
      151.91666793823242,
      214.33333587646484,
      263.2500009536743,
      277.5,
      221.08333587646484,
      201.58333587646484,
      229.33333206176758,
      158.66666793823242,
      220.33333587646484,
      166.91666793823242,
      224.08333587646484,
      282.75,
      209.08333587646484,
      286.5,
      233.83333206176758,
      212.08333587646484,
      214.33333587646484,
      200.83333587646484,
      219.58333587646484,
      233.83333206176758,
      236.08333206176758,
      166.91666793823242,
      283.5,
      296.25,
      218.83333587646484,
      155.66666793823242,
      220.33333587646484,
      258.75000381469727,
      169.16666793823242,
      170.66666793823242,
      217.33333587646484,
      222.58333587646484,
      338.41666412353516,
      227.08333587646484,
      194.83333587646484,
      169.16666793823242,
      222.58333587646484,
      170.66666793823242,
      263.2500009536743,
      293.25,
      225.58333587646484,
      160.16666793823242,
      165.41666793823242,
      205.33333587646484,
      220.33333587646484,
      217.33333587646484,
      268.5,
      163.91666793823242,
      220.33333587646484,
      206.83333587646484,
      169.16666793823242,
      218.08333587646484,
      162.41666793823242,
      358.66666412353516,
      221.08333587646484,
      162.41666793823242,
      231.58333206176758,
      290.25,
      210.58333587646484,
      210.58333587646484,
      350.4166650772095,
      306.0,
      214.33333587646484,
      217.33333587646484,
      218.83333587646484,
      203.83333587646484,
      217.33333587646484,
      353.41666412353516,
      230.83333206176758,
      213.58333587646484,
      287.25,
      277.5,
      210.58333587646484,
      224.83333206176758,
      229.33333587646484,
      265.5,
      301.5,
      240.75000286102295,
      158.66666793823242,
      233.08333206176758,
      206.83333587646484,
      224.83333206176758,
      276.0,
      169.16666793823242,
      357.91666412353516,
      230.83333206176758,
      230.83333206176758,
      224.08333587646484,
      166.91666793823242,
      163.91666793823242,
      206.83333587646484,
      253.49999904632568,
      285.0,
      155.66666793823242,
      226.33333587646484,
      258.7500009536743,
      230.08333587646484,
      167.66666793823242,
      169.16666793823242,
      287.25,
      288.0,
      223.33333587646484,
      203.83333683013916,
      232.33333206176758,
      229.33333587646484,
      166.91666793823242,
      162.41666793823242,
      382.66666412353516,
      169.16666793823242,
      221.08333587646484,
      215.08333587646484,
      283.5,
      217.33333587646484,
      227.08333206176758,
      275.25,
      300.75,
      209.08333587646484,
      234.58333206176758,
      224.08333587646484,
      283.5,
      224.83333587646484,
      230.83333206176758,
      342.16666412353516,
      155.66666793823242,
      213.58333587646484,
      207.58333587646484,
      276.7500009536743,
      225.58333587646484,
      223.33333587646484,
      225.58333587646484,
      233.08333206176758,
      285.0,
      229.33333587646484,
      200.83333683013916,
      163.91666793823242,
      165.41666793823242,
      217.33333587646484,
      276.0,
      229.33333587646484,
      292.5,
      185.08333492279053,
      169.16666793823242,
      230.83333206176758,
      279.0,
      201.58333587646484,
      230.83333206176758,
      215.83333587646484
    ]
  },
  "agent_1_return_mean": {
    "steps": [
      8
    ],
    "timestamps": [
      "2024-12-11T07:07:18.064797"
    ],
    "values": [
      273.75
    ]
  },
  "agent_1_return_std": {
    "steps": [
      8
    ],
    "timestamps": [
      "2024-12-11T07:07:18.064859"
    ],
    "values": [
      0.0
    ]
  },
  "agent_2_individual_reward": {
    "steps": [
      8,
      8,
      8,
      8,
      8,
      8,
      8,
      8,
      8,
      8,
      8,
      8,
      8,
      8,
      8,
      8,
      8,
      8,
      8,
      8,
      8,
      8,
      8,
      8,
      8,
      8,
      8,
      8,
      8,
      8,
      8,
      8,
      8,
      8,
      8,
      8,
      8,
      8,
      8,
      8,
      8,
      8,
      8,
      8,
      8,
      8,
      8,
      8,
      8,
      8,
      8,
      8,
      8,
      8,
      8,
      8,
      8,
      8,
      8,
      8,
      8,
      8,
      8,
      8,
      8,
      8,
      8,
      8,
      8,
      8,
      8,
      8,
      8,
      8,
      8,
      8,
      8,
      8,
      8,
      8,
      8,
      8,
      8,
      8,
      8,
      8,
      8,
      8,
      8,
      8,
      8,
      8,
      8,
      8,
      8,
      8,
      8,
      8,
      8,
      8,
      8,
      15,
      21,
      31,
      39,
      46,
      53,
      60,
      68,
      75,
      83,
      90,
      97,
      104,
      111,
      111,
      111,
      111,
      111,
      111,
      111,
      111,
      111,
      111,
      111,
      111,
      111,
      111,
      111,
      111,
      111,
      111,
      111,
      111,
      111,
      111,
      111,
      111,
      111,
      111,
      111,
      111,
      111,
      111,
      111,
      111,
      111,
      111,
      111,
      111,
      111,
      111,
      111,
      111,
      111,
      111,
      111,
      111,
      111,
      111,
      111,
      111,
      111,
      111,
      111,
      111,
      111,
      111,
      111,
      111,
      111,
      111,
      111,
      111,
      111,
      111,
      111,
      111,
      111,
      111,
      111,
      111,
      111,
      111,
      111,
      111,
      111,
      111,
      111,
      111,
      111,
      111,
      111,
      111,
      111,
      111,
      111,
      111,
      111,
      111,
      111,
      111,
      111,
      111,
      111,
      111,
      111,
      111,
      111,
      111,
      111,
      111,
      111,
      111,
      111,
      118,
      125,
      134,
      141,
      148,
      154,
      161,
      167,
      175,
      183,
      190,
      196,
      202,
      209,
      216,
      216,
      216,
      216,
      216,
      216,
      216,
      216,
      216,
      216,
      216,
      216,
      216,
      216,
      216,
      216,
      216,
      216,
      216,
      216,
      216,
      216,
      216,
      216,
      216,
      216,
      216,
      216,
      216,
      216,
      216,
      216,
      216,
      216,
      216,
      216,
      216,
      216,
      216,
      216,
      216,
      216,
      216,
      216,
      216,
      216,
      216,
      216,
      216,
      216,
      216,
      216,
      216,
      216,
      216,
      216,
      216,
      216,
      216,
      216,
      216,
      216,
      216,
      216,
      216,
      216,
      216,
      216,
      216,
      216,
      216,
      216,
      216,
      216,
      216,
      216,
      216,
      216,
      216,
      216,
      216,
      216,
      216,
      216,
      216,
      216,
      216,
      216,
      216,
      216,
      216,
      216,
      216,
      216,
      216,
      216,
      216,
      216,
      216,
      216,
      216,
      223,
      230
    ],
    "timestamps": [
      "2024-12-11T07:07:18.064343",
      "2024-12-11T07:07:18.351089",
      "2024-12-11T07:07:18.559528",
      "2024-12-11T07:07:18.880175",
      "2024-12-11T07:07:19.272509",
      "2024-12-11T07:07:19.499422",
      "2024-12-11T07:07:19.864837",
      "2024-12-11T07:07:20.100494",
      "2024-12-11T07:07:20.572659",
      "2024-12-11T07:07:20.866350",
      "2024-12-11T07:07:21.153342",
      "2024-12-11T07:07:21.573635",
      "2024-12-11T07:07:21.873990",
      "2024-12-11T07:07:22.287459",
      "2024-12-11T07:07:22.587741",
      "2024-12-11T07:07:22.860390",
      "2024-12-11T07:07:23.077024",
      "2024-12-11T07:07:23.476540",
      "2024-12-11T07:07:23.776991",
      "2024-12-11T07:07:24.165764",
      "2024-12-11T07:07:24.483452",
      "2024-12-11T07:07:24.859528",
      "2024-12-11T07:07:25.152137",
      "2024-12-11T07:07:25.399584",
      "2024-12-11T07:07:25.750854",
      "2024-12-11T07:07:26.087162",
      "2024-12-11T07:07:26.393336",
      "2024-12-11T07:07:26.687288",
      "2024-12-11T07:07:27.053534",
      "2024-12-11T07:07:27.358882",
      "2024-12-11T07:07:27.581913",
      "2024-12-11T07:07:27.872382",
      "2024-12-11T07:07:28.258816",
      "2024-12-11T07:07:28.476704",
      "2024-12-11T07:07:28.854840",
      "2024-12-11T07:07:29.070465",
      "2024-12-11T07:07:29.372078",
      "2024-12-11T07:07:29.661552",
      "2024-12-11T07:07:29.895134",
      "2024-12-11T07:07:30.287937",
      "2024-12-11T07:07:30.574023",
      "2024-12-11T07:07:30.851817",
      "2024-12-11T07:07:31.090167",
      "2024-12-11T07:07:31.392863",
      "2024-12-11T07:07:31.773677",
      "2024-12-11T07:07:31.989969",
      "2024-12-11T07:07:32.273139",
      "2024-12-11T07:07:32.492558",
      "2024-12-11T07:07:32.783260",
      "2024-12-11T07:07:33.074598",
      "2024-12-11T07:07:33.381494",
      "2024-12-11T07:07:33.671110",
      "2024-12-11T07:07:34.056913",
      "2024-12-11T07:07:34.292531",
      "2024-12-11T07:07:34.586067",
      "2024-12-11T07:07:34.878696",
      "2024-12-11T07:07:35.184078",
      "2024-12-11T07:07:35.495914",
      "2024-12-11T07:07:35.762123",
      "2024-12-11T07:07:36.072426",
      "2024-12-11T07:07:36.352168",
      "2024-12-11T07:07:36.585870",
      "2024-12-11T07:07:36.882460",
      "2024-12-11T07:07:37.170654",
      "2024-12-11T07:07:37.464820",
      "2024-12-11T07:07:37.785250",
      "2024-12-11T07:07:38.174063",
      "2024-12-11T07:07:38.559855",
      "2024-12-11T07:07:38.871787",
      "2024-12-11T07:07:39.183126",
      "2024-12-11T07:07:39.481739",
      "2024-12-11T07:07:39.774064",
      "2024-12-11T07:07:39.995758",
      "2024-12-11T07:07:40.287655",
      "2024-12-11T07:07:40.651362",
      "2024-12-11T07:07:40.883622",
      "2024-12-11T07:07:41.178453",
      "2024-12-11T07:07:41.478242",
      "2024-12-11T07:07:41.875271",
      "2024-12-11T07:07:42.188099",
      "2024-12-11T07:07:42.481580",
      "2024-12-11T07:07:42.878695",
      "2024-12-11T07:07:43.180820",
      "2024-12-11T07:07:43.452388",
      "2024-12-11T07:07:43.760561",
      "2024-12-11T07:07:44.068873",
      "2024-12-11T07:07:44.353412",
      "2024-12-11T07:07:44.651853",
      "2024-12-11T07:07:44.994646",
      "2024-12-11T07:07:45.263413",
      "2024-12-11T07:07:45.488851",
      "2024-12-11T07:07:45.862841",
      "2024-12-11T07:07:46.089106",
      "2024-12-11T07:07:46.382671",
      "2024-12-11T07:07:46.652937",
      "2024-12-11T07:07:46.967812",
      "2024-12-11T07:07:47.261739",
      "2024-12-11T07:07:47.488584",
      "2024-12-11T07:07:47.755108",
      "2024-12-11T07:07:48.151450",
      "2024-12-11T07:07:48.373469",
      "2024-12-11T07:07:48.689228",
      "2024-12-11T07:07:48.987902",
      "2024-12-11T07:07:49.457301",
      "2024-12-11T07:07:49.785660",
      "2024-12-11T07:07:50.076711",
      "2024-12-11T07:07:50.553579",
      "2024-12-11T07:07:50.873780",
      "2024-12-11T07:07:51.192945",
      "2024-12-11T07:07:51.487288",
      "2024-12-11T07:07:51.787609",
      "2024-12-11T07:07:52.068810",
      "2024-12-11T07:07:52.358298",
      "2024-12-11T07:07:52.600701",
      "2024-12-11T07:07:52.878587",
      "2024-12-11T07:07:53.253674",
      "2024-12-11T07:07:53.483372",
      "2024-12-11T07:07:53.754220",
      "2024-12-11T07:07:53.997267",
      "2024-12-11T07:07:54.361125",
      "2024-12-11T07:07:54.578651",
      "2024-12-11T07:07:54.793381",
      "2024-12-11T07:07:55.074279",
      "2024-12-11T07:07:55.387628",
      "2024-12-11T07:07:55.669900",
      "2024-12-11T07:07:55.955366",
      "2024-12-11T07:07:56.197789",
      "2024-12-11T07:07:56.563179",
      "2024-12-11T07:07:56.953252",
      "2024-12-11T07:07:57.367719",
      "2024-12-11T07:08:00.967073",
      "2024-12-11T07:08:01.365815",
      "2024-12-11T07:08:01.586615",
      "2024-12-11T07:08:01.891905",
      "2024-12-11T07:08:02.185240",
      "2024-12-11T07:08:02.471282",
      "2024-12-11T07:08:02.780288",
      "2024-12-11T07:08:03.000934",
      "2024-12-11T07:08:03.363384",
      "2024-12-11T07:08:03.669246",
      "2024-12-11T07:08:03.954991",
      "2024-12-11T07:08:04.257566",
      "2024-12-11T07:08:04.565577",
      "2024-12-11T07:08:04.867107",
      "2024-12-11T07:08:05.099540",
      "2024-12-11T07:08:05.384102",
      "2024-12-11T07:08:05.677465",
      "2024-12-11T07:08:05.963002",
      "2024-12-11T07:08:06.265837",
      "2024-12-11T07:08:06.481485",
      "2024-12-11T07:08:06.763972",
      "2024-12-11T07:08:06.996469",
      "2024-12-11T07:08:07.298061",
      "2024-12-11T07:08:07.563310",
      "2024-12-11T07:08:07.878457",
      "2024-12-11T07:08:08.177839",
      "2024-12-11T07:08:08.467324",
      "2024-12-11T07:08:08.750162",
      "2024-12-11T07:08:08.963334",
      "2024-12-11T07:08:09.194653",
      "2024-12-11T07:08:09.499463",
      "2024-12-11T07:08:09.767700",
      "2024-12-11T07:08:09.997398",
      "2024-12-11T07:08:10.281455",
      "2024-12-11T07:08:10.671395",
      "2024-12-11T07:08:10.964715",
      "2024-12-11T07:08:11.279342",
      "2024-12-11T07:08:11.577467",
      "2024-12-11T07:08:11.798068",
      "2024-12-11T07:08:12.152638",
      "2024-12-11T07:08:12.392358",
      "2024-12-11T07:08:12.676408",
      "2024-12-11T07:08:12.975521",
      "2024-12-11T07:08:13.262454",
      "2024-12-11T07:08:13.562539",
      "2024-12-11T07:08:13.858189",
      "2024-12-11T07:08:14.101794",
      "2024-12-11T07:08:14.391929",
      "2024-12-11T07:08:14.663424",
      "2024-12-11T07:08:14.957088",
      "2024-12-11T07:08:15.185106",
      "2024-12-11T07:08:15.468086",
      "2024-12-11T07:08:15.755887",
      "2024-12-11T07:08:16.061874",
      "2024-12-11T07:08:16.293360",
      "2024-12-11T07:08:16.551898",
      "2024-12-11T07:08:16.783707",
      "2024-12-11T07:08:17.086321",
      "2024-12-11T07:08:17.400222",
      "2024-12-11T07:08:17.681197",
      "2024-12-11T07:08:17.958848",
      "2024-12-11T07:08:18.187314",
      "2024-12-11T07:08:18.450049",
      "2024-12-11T07:08:18.689968",
      "2024-12-11T07:08:18.950981",
      "2024-12-11T07:08:19.182873",
      "2024-12-11T07:08:19.488644",
      "2024-12-11T07:08:19.774253",
      "2024-12-11T07:08:20.168920",
      "2024-12-11T07:08:20.459803",
      "2024-12-11T07:08:20.900220",
      "2024-12-11T07:08:21.185349",
      "2024-12-11T07:08:21.482329",
      "2024-12-11T07:08:21.764315",
      "2024-12-11T07:08:22.001752",
      "2024-12-11T07:08:22.362901",
      "2024-12-11T07:08:22.592555",
      "2024-12-11T07:08:22.961365",
      "2024-12-11T07:08:23.280571",
      "2024-12-11T07:08:23.593764",
      "2024-12-11T07:08:23.876771",
      "2024-12-11T07:08:24.169820",
      "2024-12-11T07:08:24.473214",
      "2024-12-11T07:08:24.688974",
      "2024-12-11T07:08:24.951432",
      "2024-12-11T07:08:25.258489",
      "2024-12-11T07:08:25.562503",
      "2024-12-11T07:08:25.964128",
      "2024-12-11T07:08:26.252356",
      "2024-12-11T07:08:26.493613",
      "2024-12-11T07:08:26.765575",
      "2024-12-11T07:08:26.989742",
      "2024-12-11T07:08:27.263723",
      "2024-12-11T07:08:27.565748",
      "2024-12-11T07:08:27.864130",
      "2024-12-11T07:08:28.152222",
      "2024-12-11T07:08:28.370346",
      "2024-12-11T07:08:28.585118",
      "2024-12-11T07:08:28.878870",
      "2024-12-11T07:08:29.186505",
      "2024-12-11T07:08:29.481361",
      "2024-12-11T07:08:29.792590",
      "2024-12-11T07:08:30.055337",
      "2024-12-11T07:08:30.351073",
      "2024-12-11T07:08:30.654439",
      "2024-12-11T07:08:30.974599",
      "2024-12-11T07:08:31.280204",
      "2024-12-11T07:08:31.567436",
      "2024-12-11T07:08:31.959839",
      "2024-12-11T07:08:32.198123",
      "2024-12-11T07:08:32.475008",
      "2024-12-11T07:08:32.777284",
      "2024-12-11T07:08:33.097112",
      "2024-12-11T07:08:33.390892",
      "2024-12-11T07:08:33.693110",
      "2024-12-11T07:08:34.085450",
      "2024-12-11T07:08:34.456584",
      "2024-12-11T07:08:34.692911",
      "2024-12-11T07:08:34.973269",
      "2024-12-11T07:08:35.266410",
      "2024-12-11T07:08:35.562106",
      "2024-12-11T07:08:35.870821",
      "2024-12-11T07:08:36.192357",
      "2024-12-11T07:08:36.464331",
      "2024-12-11T07:08:36.692140",
      "2024-12-11T07:08:36.992582",
      "2024-12-11T07:08:37.356000",
      "2024-12-11T07:08:37.585966",
      "2024-12-11T07:08:37.872129",
      "2024-12-11T07:08:38.188237",
      "2024-12-11T07:08:38.564601",
      "2024-12-11T07:08:38.879870",
      "2024-12-11T07:08:39.180081",
      "2024-12-11T07:08:39.395735",
      "2024-12-11T07:08:39.680878",
      "2024-12-11T07:08:39.961265",
      "2024-12-11T07:08:40.192588",
      "2024-12-11T07:08:40.497297",
      "2024-12-11T07:08:40.778040",
      "2024-12-11T07:08:41.277608",
      "2024-12-11T07:08:41.574834",
      "2024-12-11T07:08:41.860273",
      "2024-12-11T07:08:42.150652",
      "2024-12-11T07:08:42.371799",
      "2024-12-11T07:08:42.597322",
      "2024-12-11T07:08:42.871436",
      "2024-12-11T07:08:43.184884",
      "2024-12-11T07:08:43.484347",
      "2024-12-11T07:08:43.752119",
      "2024-12-11T07:08:44.065106",
      "2024-12-11T07:08:44.368596",
      "2024-12-11T07:08:44.653586",
      "2024-12-11T07:08:44.876420",
      "2024-12-11T07:08:45.099666",
      "2024-12-11T07:08:45.465705",
      "2024-12-11T07:08:45.792484",
      "2024-12-11T07:08:46.076009",
      "2024-12-11T07:08:46.363409",
      "2024-12-11T07:08:46.601582",
      "2024-12-11T07:08:46.952712",
      "2024-12-11T07:08:47.183958",
      "2024-12-11T07:08:47.452368",
      "2024-12-11T07:08:47.855246",
      "2024-12-11T07:08:48.068137",
      "2024-12-11T07:08:48.355034",
      "2024-12-11T07:08:48.587899",
      "2024-12-11T07:08:48.884550",
      "2024-12-11T07:08:49.193093",
      "2024-12-11T07:08:49.487426",
      "2024-12-11T07:08:49.782905",
      "2024-12-11T07:08:50.068870",
      "2024-12-11T07:08:50.372868",
      "2024-12-11T07:08:50.686612",
      "2024-12-11T07:08:50.963328",
      "2024-12-11T07:08:51.281289",
      "2024-12-11T07:08:51.851019",
      "2024-12-11T07:08:52.095949",
      "2024-12-11T07:08:52.463467",
      "2024-12-11T07:08:52.752719",
      "2024-12-11T07:08:52.983021",
      "2024-12-11T07:08:53.279074",
      "2024-12-11T07:08:53.663033",
      "2024-12-11T07:08:53.956571",
      "2024-12-11T07:08:54.257605",
      "2024-12-11T07:08:54.563871",
      "2024-12-11T07:08:54.855140",
      "2024-12-11T07:08:55.152870",
      "2024-12-11T07:08:55.391460",
      "2024-12-11T07:08:55.659967",
      "2024-12-11T07:08:55.877862",
      "2024-12-11T07:08:56.156629",
      "2024-12-11T07:08:56.450401",
      "2024-12-11T07:08:56.767455",
      "2024-12-11T07:08:57.000921",
      "2024-12-11T07:08:57.360143",
      "2024-12-11T07:08:57.679127",
      "2024-12-11T07:08:57.968403",
      "2024-12-11T07:08:58.200124",
      "2024-12-11T07:08:58.492858",
      "2024-12-11T07:08:58.779921",
      "2024-12-11T07:08:59.078280",
      "2024-12-11T07:08:59.382701"
    ],
    "values": [
      395.0999994277954,
      356.93333435058594,
      255.16666412353516,
      336.53333854675293,
      284.93333673477173,
      225.16666316986084,
      397.4999966621399,
      300.53332901000977,
      434.70000076293945,
      328.13332653045654,
      385.49999475479126,
      496.8666696548462,
      243.16666984558105,
      403.50000286102295,
      314.93333292007446,
      342.5333366394043,
      306.53333568573,
      336.5333366394043,
      341.3333282470703,
      294.53333568573,
      335.3333339691162,
      310.133339881897,
      335.3333387374878,
      302.9333324432373,
      235.96666717529297,
      313.73333263397217,
      417.9000072479248,
      249.16666412353516,
      381.9000015258789,
      240.76666831970215,
      249.16666412353516,
      257.56666564941406,
      444.0666694641113,
      235.96666717529297,
      508.8666687011719,
      235.96666717529297,
      336.53333282470703,
      331.7333297729492,
      323.3333339691162,
      428.70000076293945,
      300.53333139419556,
      356.93333435058594,
      342.5333366394043,
      331.7333354949951,
      243.16666793823242,
      240.76666831970215,
      326.9333372116089,
      253.96666717529297,
      361.7333297729492,
      251.56666564941406,
      431.09999656677246,
      235.96666717529297,
      493.2666654586792,
      323.3333339691162,
      356.93333435058594,
      313.73333835601807,
      435.90000343322754,
      393.9000039100647,
      251.56666564941406,
      421.50000286102295,
      288.53333282470703,
      311.33333826065063,
      311.33333587646484,
      235.96667003631592,
      395.0999994277954,
      312.53332710266113,
      353.3333282470703,
      307.7333354949951,
      403.50000286102295,
      387.9000039100647,
      317.33332681655884,
      312.53334283828735,
      246.76667022705078,
      243.16666793823242,
      538.8666667938232,
      336.53333282470703,
      332.9333324432373,
      342.5333366394043,
      330.53332805633545,
      372.29999589920044,
      346.1333351135254,
      460.8666572570801,
      318.5333309173584,
      251.56666564941406,
      449.10000228881836,
      363.90000009536743,
      330.53333282470703,
      354.53333282470703,
      434.69999599456787,
      246.76667022705078,
      246.76667022705078,
      374.7000069618225,
      304.1333303451538,
      457.5,
      240.76666831970215,
      366.2999997138977,
      318.53333854675293,
      251.56666564941406,
      225.16666269302368,
      519.6666774749756,
      257.56666564941406,
      313.73333835601807,
      253.96666717529297,
      688.6333413124084,
      431.09999656677246,
      353.3333282470703,
      329.3333377838135,
      341.3333282470703,
      411.90000438690186,
      344.93333435058594,
      457.5,
      319.73333644866943,
      305.33333110809326,
      312.53333854675293,
      310.1333293914795,
      421.50000286102295,
      330.53334045410156,
      314.93333435058594,
      361.7333297729492,
      312.53332710266113,
      253.96666717529297,
      246.76667022705078,
      330.53334045410156,
      411.90000438690186,
      330.53333854675293,
      324.5333318710327,
      305.33332681655884,
      343.7333354949951,
      342.5333366394043,
      343.5000042915344,
      65321.23339557648,
      437.100004196167,
      251.56666564941406,
      338.9333381652832,
      336.53333282470703,
      255.16666412353516,
      271.7333378791809,
      235.96666717529297,
      439.50000190734863,
      326.9333372116089,
      326.9333381652832,
      330.53334045410156,
      331.7333354949951,
      405.9000015258789,
      257.56666564941406,
      302.93333673477173,
      336.53333282470703,
      330.53334045410156,
      402.3000030517578,
      240.76666831970215,
      304.1333303451538,
      235.96666717529297,
      423.90000343322754,
      299.33333253860474,
      469.5000114440918,
      289.73333978652954,
      287.33333110809326,
      341.3333282470703,
      255.16666412353516,
      336.53333282470703,
      423.90000438690186,
      235.96666717529297,
      235.96666717529297,
      318.53333854675293,
      318.5333309173584,
      299.333327293396,
      361.7333297729492,
      300.53333711624146,
      246.76667022705078,
      334.1333351135254,
      314.9333372116089,
      300.53333139419556,
      320.9333305358887,
      323.33332681655884,
      330.53334045410156,
      323.3333339691162,
      342.5333366394043,
      343.7333354949951,
      243.16666984558105,
      312.5333352088928,
      253.96666717529297,
      314.9333257675171,
      314.9333372116089,
      240.76666831970215,
      331.73333263397217,
      216.76667261123657,
      329.3333339691162,
      393.90000200271606,
      392.699999332428,
      331.7333354949951,
      306.5333352088928,
      323.3333339691162,
      237.16666984558105,
      342.5333366394043,
      253.96666717529297,
      325.7333335876465,
      399.9000015258789,
      316.1333303451538,
      419.10000801086426,
      341.3333282470703,
      299.333327293396,
      310.13332653045654,
      296.93333101272583,
      314.9333372116089,
      336.53333282470703,
      341.3333282470703,
      253.96666717529297,
      416.70000743865967,
      435.9000072479248,
      337.7333354949951,
      233.566668510437,
      312.53332710266113,
      391.50000953674316,
      255.16666412353516,
      235.96666717529297,
      310.1333341598511,
      340.13333892822266,
      518.4666695594788,
      346.1333351135254,
      283.73333835601807,
      257.56666564941406,
      340.1333351135254,
      235.96666717529297,
      378.3000068664551,
      451.49999618530273,
      350.93333435058594,
      240.76666831970215,
      246.76667022705078,
      307.73333263397217,
      312.53332710266113,
      300.5333318710327,
      409.4999952316284,
      249.16666412353516,
      335.3333339691162,
      307.73333835601807,
      257.56666564941406,
      328.13332653045654,
      243.16666793823242,
      540.0666761398315,
      343.7333354949951,
      246.76667022705078,
      356.93333435058594,
      423.90000343322754,
      314.9333257675171,
      320.9333257675171,
      528.0666732788086,
      452.7000045776367,
      324.5333318710327,
      300.5333390235901,
      335.3333339691162,
      304.1333336830139,
      310.13332653045654,
      499.26666736602783,
      331.733341217041,
      326.9333372116089,
      419.10000801086426,
      403.4999952316284,
      294.53334283828735,
      314.9333372116089,
      347.33333587646484,
      411.8999996185303,
      465.9000015258789,
      367.5000081062317,
      240.76666831970215,
      336.53333282470703,
      304.13333559036255,
      323.3333339691162,
      408.29999351501465,
      257.56666564941406,
      525.6666641235352,
      336.53333282470703,
      331.733341217041,
      344.9333381652832,
      253.96666717529297,
      246.76667022705078,
      313.7333354949951,
      356.69999170303345,
      417.9000072479248,
      233.566668510437,
      352.1333351135254,
      380.699999332428,
      353.3333282470703,
      255.16666412353516,
      257.56666564941406,
      431.09999656677246,
      434.6999969482422,
      340.1333351135254,
      283.7333297729492,
      350.93333435058594,
      340.1333351135254,
      249.16666412353516,
      240.76666831970215,
      565.2666606903076,
      251.56666564941406,
      337.7333354949951,
      324.53333854675293,
      441.9000015258789,
      308.93334007263184,
      318.5333309173584,
      408.29999828338623,
      441.9000053405762,
      312.53333854675293,
      359.3333282470703,
      335.3333320617676,
      434.69999599456787,
      320.9333305358887,
      331.7333297729492,
      492.0666666030884,
      235.96667003631592,
      313.73332834243774,
      316.1333341598511,
      401.0999984741211,
      343.7333335876465,
      329.3333339691162,
      336.53333854675293,
      336.53333282470703,
      405.9000024795532,
      350.93333435058594,
      274.1333336830139,
      246.76667022705078,
      246.76667022705078,
      310.1333341598511,
      398.6999921798706,
      350.93333435058594,
      439.50000381469727,
      275.33333110809326,
      255.16666412353516,
      326.9333381652832,
      419.100004196167,
      300.53333377838135,
      326.9333381652832,
      335.3333387374878
    ]
  },
  "agent_2_return_mean": {
    "steps": [
      8
    ],
    "timestamps": [
      "2024-12-11T07:07:18.065001"
    ],
    "values": [
      395.0999994277954
    ]
  },
  "agent_2_return_std": {
    "steps": [
      8
    ],
    "timestamps": [
      "2024-12-11T07:07:18.065062"
    ],
    "values": [
      0.0
    ]
  },
  "common_reward_value": {
    "steps": [
      8,
      8,
      8,
      8,
      8,
      8,
      8,
      8,
      8,
      8,
      8,
      8,
      8,
      8,
      8,
      8,
      8,
      8,
      8,
      8,
      8,
      8,
      8,
      8,
      8,
      8,
      8,
      8,
      8,
      8,
      8,
      8,
      8,
      8,
      8,
      8,
      8,
      8,
      8,
      8,
      8,
      8,
      8,
      8,
      8,
      8,
      8,
      8,
      8,
      8,
      8,
      8,
      8,
      8,
      8,
      8,
      8,
      8,
      8,
      8,
      8,
      8,
      8,
      8,
      8,
      8,
      8,
      8,
      8,
      8,
      8,
      8,
      8,
      8,
      8,
      8,
      8,
      8,
      8,
      8,
      8,
      8,
      8,
      8,
      8,
      8,
      8,
      8,
      8,
      8,
      8,
      8,
      8,
      8,
      8,
      8,
      8,
      8,
      8,
      8,
      8,
      15,
      21,
      31,
      39,
      46,
      53,
      60,
      68,
      75,
      83,
      90,
      97,
      104,
      111,
      111,
      111,
      111,
      111,
      111,
      111,
      111,
      111,
      111,
      111,
      111,
      111,
      111,
      111,
      111,
      111,
      111,
      111,
      111,
      111,
      111,
      111,
      111,
      111,
      111,
      111,
      111,
      111,
      111,
      111,
      111,
      111,
      111,
      111,
      111,
      111,
      111,
      111,
      111,
      111,
      111,
      111,
      111,
      111,
      111,
      111,
      111,
      111,
      111,
      111,
      111,
      111,
      111,
      111,
      111,
      111,
      111,
      111,
      111,
      111,
      111,
      111,
      111,
      111,
      111,
      111,
      111,
      111,
      111,
      111,
      111,
      111,
      111,
      111,
      111,
      111,
      111,
      111,
      111,
      111,
      111,
      111,
      111,
      111,
      111,
      111,
      111,
      111,
      111,
      111,
      111,
      111,
      111,
      111,
      111,
      111,
      111,
      111,
      111,
      111,
      118,
      125,
      134,
      141,
      148,
      154,
      161,
      167,
      175,
      183,
      190,
      196,
      202,
      209,
      216,
      216,
      216,
      216,
      216,
      216,
      216,
      216,
      216,
      216,
      216,
      216,
      216,
      216,
      216,
      216,
      216,
      216,
      216,
      216,
      216,
      216,
      216,
      216,
      216,
      216,
      216,
      216,
      216,
      216,
      216,
      216,
      216,
      216,
      216,
      216,
      216,
      216,
      216,
      216,
      216,
      216,
      216,
      216,
      216,
      216,
      216,
      216,
      216,
      216,
      216,
      216,
      216,
      216,
      216,
      216,
      216,
      216,
      216,
      216,
      216,
      216,
      216,
      216,
      216,
      216,
      216,
      216,
      216,
      216,
      216,
      216,
      216,
      216,
      216,
      216,
      216,
      216,
      216,
      216,
      216,
      216,
      216,
      216,
      216,
      216,
      216,
      216,
      216,
      216,
      216,
      216,
      216,
      216,
      216,
      216,
      216,
      216,
      216,
      216,
      216,
      223,
      230
    ],
    "timestamps": [
      "2024-12-11T07:07:18.064401",
      "2024-12-11T07:07:18.351203",
      "2024-12-11T07:07:18.559587",
      "2024-12-11T07:07:18.880514",
      "2024-12-11T07:07:19.272820",
      "2024-12-11T07:07:19.499458",
      "2024-12-11T07:07:19.864895",
      "2024-12-11T07:07:20.100530",
      "2024-12-11T07:07:20.572985",
      "2024-12-11T07:07:20.866701",
      "2024-12-11T07:07:21.153668",
      "2024-12-11T07:07:21.573987",
      "2024-12-11T07:07:21.874320",
      "2024-12-11T07:07:22.287792",
      "2024-12-11T07:07:22.588087",
      "2024-12-11T07:07:22.860437",
      "2024-12-11T07:07:23.077078",
      "2024-12-11T07:07:23.476599",
      "2024-12-11T07:07:23.777040",
      "2024-12-11T07:07:24.165824",
      "2024-12-11T07:07:24.484029",
      "2024-12-11T07:07:24.859856",
      "2024-12-11T07:07:25.152191",
      "2024-12-11T07:07:25.399619",
      "2024-12-11T07:07:25.750969",
      "2024-12-11T07:07:26.087505",
      "2024-12-11T07:07:26.393681",
      "2024-12-11T07:07:26.687335",
      "2024-12-11T07:07:27.053880",
      "2024-12-11T07:07:27.358931",
      "2024-12-11T07:07:27.581990",
      "2024-12-11T07:07:27.872437",
      "2024-12-11T07:07:28.259128",
      "2024-12-11T07:07:28.477023",
      "2024-12-11T07:07:28.855185",
      "2024-12-11T07:07:29.070810",
      "2024-12-11T07:07:29.372124",
      "2024-12-11T07:07:29.661903",
      "2024-12-11T07:07:29.895196",
      "2024-12-11T07:07:30.288249",
      "2024-12-11T07:07:30.574349",
      "2024-12-11T07:07:30.852142",
      "2024-12-11T07:07:31.090519",
      "2024-12-11T07:07:31.392914",
      "2024-12-11T07:07:31.773725",
      "2024-12-11T07:07:31.990315",
      "2024-12-11T07:07:32.273486",
      "2024-12-11T07:07:32.492905",
      "2024-12-11T07:07:32.783603",
      "2024-12-11T07:07:33.074643",
      "2024-12-11T07:07:33.381541",
      "2024-12-11T07:07:33.671158",
      "2024-12-11T07:07:34.056964",
      "2024-12-11T07:07:34.292876",
      "2024-12-11T07:07:34.586126",
      "2024-12-11T07:07:34.878756",
      "2024-12-11T07:07:35.184122",
      "2024-12-11T07:07:35.495975",
      "2024-12-11T07:07:35.762494",
      "2024-12-11T07:07:36.072494",
      "2024-12-11T07:07:36.352511",
      "2024-12-11T07:07:36.585923",
      "2024-12-11T07:07:36.882776",
      "2024-12-11T07:07:37.170704",
      "2024-12-11T07:07:37.464876",
      "2024-12-11T07:07:37.785308",
      "2024-12-11T07:07:38.174124",
      "2024-12-11T07:07:38.559900",
      "2024-12-11T07:07:38.872143",
      "2024-12-11T07:07:39.183188",
      "2024-12-11T07:07:39.482090",
      "2024-12-11T07:07:39.774908",
      "2024-12-11T07:07:39.996114",
      "2024-12-11T07:07:40.288027",
      "2024-12-11T07:07:40.651444",
      "2024-12-11T07:07:40.883940",
      "2024-12-11T07:07:41.178761",
      "2024-12-11T07:07:41.478554",
      "2024-12-11T07:07:41.875332",
      "2024-12-11T07:07:42.188453",
      "2024-12-11T07:07:42.481631",
      "2024-12-11T07:07:42.878743",
      "2024-12-11T07:07:43.180875",
      "2024-12-11T07:07:43.452746",
      "2024-12-11T07:07:43.760617",
      "2024-12-11T07:07:44.069190",
      "2024-12-11T07:07:44.353457",
      "2024-12-11T07:07:44.651909",
      "2024-12-11T07:07:44.994968",
      "2024-12-11T07:07:45.263462",
      "2024-12-11T07:07:45.488927",
      "2024-12-11T07:07:45.862900",
      "2024-12-11T07:07:46.089419",
      "2024-12-11T07:07:46.382736",
      "2024-12-11T07:07:46.653270",
      "2024-12-11T07:07:46.967857",
      "2024-12-11T07:07:47.262070",
      "2024-12-11T07:07:47.488951",
      "2024-12-11T07:07:47.755175",
      "2024-12-11T07:07:48.151511",
      "2024-12-11T07:07:48.373832",
      "2024-12-11T07:07:48.689556",
      "2024-12-11T07:07:48.987966",
      "2024-12-11T07:07:49.457468",
      "2024-12-11T07:07:49.786003",
      "2024-12-11T07:07:50.077032",
      "2024-12-11T07:07:50.553924",
      "2024-12-11T07:07:50.874121",
      "2024-12-11T07:07:51.193292",
      "2024-12-11T07:07:51.487649",
      "2024-12-11T07:07:51.787940",
      "2024-12-11T07:07:52.069153",
      "2024-12-11T07:07:52.358655",
      "2024-12-11T07:07:52.600736",
      "2024-12-11T07:07:52.878922",
      "2024-12-11T07:07:53.253728",
      "2024-12-11T07:07:53.483442",
      "2024-12-11T07:07:53.754294",
      "2024-12-11T07:07:53.997612",
      "2024-12-11T07:07:54.361168",
      "2024-12-11T07:07:54.578976",
      "2024-12-11T07:07:54.793784",
      "2024-12-11T07:07:55.074342",
      "2024-12-11T07:07:55.387682",
      "2024-12-11T07:07:55.670248",
      "2024-12-11T07:07:55.955766",
      "2024-12-11T07:07:56.197827",
      "2024-12-11T07:07:56.563490",
      "2024-12-11T07:07:56.953314",
      "2024-12-11T07:07:57.368061",
      "2024-12-11T07:08:00.967393",
      "2024-12-11T07:08:01.365875",
      "2024-12-11T07:08:01.586938",
      "2024-12-11T07:08:01.892227",
      "2024-12-11T07:08:02.185285",
      "2024-12-11T07:08:02.471342",
      "2024-12-11T07:08:02.780332",
      "2024-12-11T07:08:03.000995",
      "2024-12-11T07:08:03.363457",
      "2024-12-11T07:08:03.669300",
      "2024-12-11T07:08:03.955326",
      "2024-12-11T07:08:04.257624",
      "2024-12-11T07:08:04.565644",
      "2024-12-11T07:08:04.867165",
      "2024-12-11T07:08:05.099600",
      "2024-12-11T07:08:05.384161",
      "2024-12-11T07:08:05.677801",
      "2024-12-11T07:08:05.963348",
      "2024-12-11T07:08:06.265891",
      "2024-12-11T07:08:06.481836",
      "2024-12-11T07:08:06.764027",
      "2024-12-11T07:08:06.996531",
      "2024-12-11T07:08:07.298100",
      "2024-12-11T07:08:07.563647",
      "2024-12-11T07:08:07.878502",
      "2024-12-11T07:08:08.178191",
      "2024-12-11T07:08:08.467370",
      "2024-12-11T07:08:08.750273",
      "2024-12-11T07:08:08.963654",
      "2024-12-11T07:08:09.194991",
      "2024-12-11T07:08:09.499499",
      "2024-12-11T07:08:09.767759",
      "2024-12-11T07:08:09.997442",
      "2024-12-11T07:08:10.281798",
      "2024-12-11T07:08:10.671718",
      "2024-12-11T07:08:10.965053",
      "2024-12-11T07:08:11.279660",
      "2024-12-11T07:08:11.577796",
      "2024-12-11T07:08:11.798108",
      "2024-12-11T07:08:12.152979",
      "2024-12-11T07:08:12.392413",
      "2024-12-11T07:08:12.676454",
      "2024-12-11T07:08:12.975577",
      "2024-12-11T07:08:13.262791",
      "2024-12-11T07:08:13.562863",
      "2024-12-11T07:08:13.858243",
      "2024-12-11T07:08:14.101832",
      "2024-12-11T07:08:14.392271",
      "2024-12-11T07:08:14.663497",
      "2024-12-11T07:08:14.957388",
      "2024-12-11T07:08:15.185448",
      "2024-12-11T07:08:15.468420",
      "2024-12-11T07:08:15.755983",
      "2024-12-11T07:08:16.061945",
      "2024-12-11T07:08:16.293413",
      "2024-12-11T07:08:16.551954",
      "2024-12-11T07:08:16.783769",
      "2024-12-11T07:08:17.086366",
      "2024-12-11T07:08:17.400257",
      "2024-12-11T07:08:17.682002",
      "2024-12-11T07:08:17.958914",
      "2024-12-11T07:08:18.187640",
      "2024-12-11T07:08:18.450676",
      "2024-12-11T07:08:18.690297",
      "2024-12-11T07:08:18.951027",
      "2024-12-11T07:08:19.183217",
      "2024-12-11T07:08:19.488988",
      "2024-12-11T07:08:19.774297",
      "2024-12-11T07:08:20.169262",
      "2024-12-11T07:08:20.460127",
      "2024-12-11T07:08:20.900256",
      "2024-12-11T07:08:21.185668",
      "2024-12-11T07:08:21.482390",
      "2024-12-11T07:08:21.764360",
      "2024-12-11T07:08:22.001786",
      "2024-12-11T07:08:22.362946",
      "2024-12-11T07:08:22.592618",
      "2024-12-11T07:08:22.961691",
      "2024-12-11T07:08:23.280615",
      "2024-12-11T07:08:23.594063",
      "2024-12-11T07:08:23.877249",
      "2024-12-11T07:08:24.170172",
      "2024-12-11T07:08:24.473554",
      "2024-12-11T07:08:24.689300",
      "2024-12-11T07:08:24.951752",
      "2024-12-11T07:08:25.258549",
      "2024-12-11T07:08:25.562849",
      "2024-12-11T07:08:25.964173",
      "2024-12-11T07:08:26.252778",
      "2024-12-11T07:08:26.493669",
      "2024-12-11T07:08:26.765911",
      "2024-12-11T07:08:26.989803",
      "2024-12-11T07:08:27.263783",
      "2024-12-11T07:08:27.566097",
      "2024-12-11T07:08:27.864472",
      "2024-12-11T07:08:28.152532",
      "2024-12-11T07:08:28.370694",
      "2024-12-11T07:08:28.585461",
      "2024-12-11T07:08:28.879211",
      "2024-12-11T07:08:29.186549",
      "2024-12-11T07:08:29.481424",
      "2024-12-11T07:08:29.792634",
      "2024-12-11T07:08:30.055730",
      "2024-12-11T07:08:30.351131",
      "2024-12-11T07:08:30.654868",
      "2024-12-11T07:08:30.974655",
      "2024-12-11T07:08:31.280515",
      "2024-12-11T07:08:31.567753",
      "2024-12-11T07:08:31.960198",
      "2024-12-11T07:08:32.198184",
      "2024-12-11T07:08:32.475323",
      "2024-12-11T07:08:32.777633",
      "2024-12-11T07:08:33.097432",
      "2024-12-11T07:08:33.391235",
      "2024-12-11T07:08:33.693157",
      "2024-12-11T07:08:34.085513",
      "2024-12-11T07:08:34.456657",
      "2024-12-11T07:08:34.692956",
      "2024-12-11T07:08:34.973314",
      "2024-12-11T07:08:35.266607",
      "2024-12-11T07:08:35.562160",
      "2024-12-11T07:08:35.870880",
      "2024-12-11T07:08:36.192417",
      "2024-12-11T07:08:36.464376",
      "2024-12-11T07:08:36.692476",
      "2024-12-11T07:08:36.992639",
      "2024-12-11T07:08:37.356070",
      "2024-12-11T07:08:37.586030",
      "2024-12-11T07:08:37.872185",
      "2024-12-11T07:08:38.188297",
      "2024-12-11T07:08:38.564919",
      "2024-12-11T07:08:38.880205",
      "2024-12-11T07:08:39.180406",
      "2024-12-11T07:08:39.395772",
      "2024-12-11T07:08:39.681194",
      "2024-12-11T07:08:39.961571",
      "2024-12-11T07:08:40.192645",
      "2024-12-11T07:08:40.497333",
      "2024-12-11T07:08:40.778425",
      "2024-12-11T07:08:41.277653",
      "2024-12-11T07:08:41.574894",
      "2024-12-11T07:08:41.860321",
      "2024-12-11T07:08:42.150747",
      "2024-12-11T07:08:42.371846",
      "2024-12-11T07:08:42.597366",
      "2024-12-11T07:08:42.871791",
      "2024-12-11T07:08:43.185222",
      "2024-12-11T07:08:43.484391",
      "2024-12-11T07:08:43.752535",
      "2024-12-11T07:08:44.065446",
      "2024-12-11T07:08:44.368905",
      "2024-12-11T07:08:44.653641",
      "2024-12-11T07:08:44.876759",
      "2024-12-11T07:08:45.099703",
      "2024-12-11T07:08:45.466033",
      "2024-12-11T07:08:45.792538",
      "2024-12-11T07:08:46.076360",
      "2024-12-11T07:08:46.363756",
      "2024-12-11T07:08:46.601619",
      "2024-12-11T07:08:46.953128",
      "2024-12-11T07:08:47.184050",
      "2024-12-11T07:08:47.452679",
      "2024-12-11T07:08:47.855670",
      "2024-12-11T07:08:48.068452",
      "2024-12-11T07:08:48.355088",
      "2024-12-11T07:08:48.588242",
      "2024-12-11T07:08:48.884605",
      "2024-12-11T07:08:49.193425",
      "2024-12-11T07:08:49.487482",
      "2024-12-11T07:08:49.782953",
      "2024-12-11T07:08:50.068917",
      "2024-12-11T07:08:50.372917",
      "2024-12-11T07:08:50.686963",
      "2024-12-11T07:08:50.963670",
      "2024-12-11T07:08:51.281334",
      "2024-12-11T07:08:51.851078",
      "2024-12-11T07:08:52.096007",
      "2024-12-11T07:08:52.463531",
      "2024-12-11T07:08:52.752764",
      "2024-12-11T07:08:52.983085",
      "2024-12-11T07:08:53.279383",
      "2024-12-11T07:08:53.663087",
      "2024-12-11T07:08:53.956865",
      "2024-12-11T07:08:54.257958",
      "2024-12-11T07:08:54.563925",
      "2024-12-11T07:08:54.855233",
      "2024-12-11T07:08:55.152915",
      "2024-12-11T07:08:55.391530",
      "2024-12-11T07:08:55.660016",
      "2024-12-11T07:08:55.877922",
      "2024-12-11T07:08:56.157012",
      "2024-12-11T07:08:56.450494",
      "2024-12-11T07:08:56.767520",
      "2024-12-11T07:08:57.000958",
      "2024-12-11T07:08:57.360187",
      "2024-12-11T07:08:57.679177",
      "2024-12-11T07:08:57.968449",
      "2024-12-11T07:08:58.200160",
      "2024-12-11T07:08:58.493169",
      "2024-12-11T07:08:58.780264",
      "2024-12-11T07:08:59.078424",
      "2024-12-11T07:08:59.382749"
    ],
    "values": [
      322.0,
      331.3,
      276.1,
      322.9,
      290.5,
      250.6,
      345.40000000000003,
      267.4,
      341.20000000000005,
      318.4,
      320.8,
      372.40000000000003,
      254.8,
      325.3,
      313.6,
      317.20000000000005,
      290.8,
      322.6,
      298.9,
      262.9,
      313.3,
      295.3,
      316.3,
      269.5,
      232.0,
      307.6,
      334.3,
      261.4,
      343.0,
      262.6,
      261.4,
      268.3,
      356.8,
      232.0,
      401.80000000000007,
      232.0,
      294.4,
      288.4,
      283.9,
      340.90000000000003,
      274.0,
      331.3,
      319.9,
      308.20000000000005,
      259.9,
      262.0,
      308.8,
      265.9,
      336.4,
      268.9,
      347.5,
      232.0,
      364.6,
      285.4,
      333.4,
      299.20000000000005,
      367.90000000000003,
      322.9,
      273.1,
      340.90000000000003,
      262.9,
      303.40000000000003,
      293.8,
      252.40000000000003,
      322.0,
      275.5,
      328.30000000000007,
      299.5,
      328.0,
      318.4,
      305.80000000000007,
      313.6,
      268.6,
      264.1,
      394.90000000000003,
      294.4,
      322.0,
      317.8,
      311.20000000000005,
      307.9,
      322.3,
      350.5,
      280.9,
      271.6,
      374.8,
      331.9,
      317.5,
      339.1,
      373.90000000000003,
      267.1,
      268.6,
      315.1,
      269.8,
      360.4000000000001,
      262.6,
      332.8,
      281.5,
      271.0,
      253.59999999999997,
      379.30000000000007,
      268.3,
      303.40000000000003,
      263.8,
      503.2,
      343.0,
      327.40000000000003,
      312.4,
      297.4,
      329.8,
      331.0,
      359.80000000000007,
      312.1,
      299.5,
      299.8,
      300.1,
      336.70000000000005,
      288.4,
      275.5,
      335.8,
      276.4,
      263.8,
      264.4,
      287.79999999999995,
      331.0,
      308.20000000000005,
      308.8,
      274.9,
      320.8,
      315.70000000000005,
      283.3,
      4873.9,
      347.8,
      271.0,
      314.8,
      292.3,
      274.0,
      251.5,
      232.0,
      371.80000000000007,
      310.3,
      286.0,
      289.9,
      310.3,
      353.8,
      268.3,
      292.9,
      312.70000000000005,
      289.9,
      328.0,
      264.1,
      272.5,
      232.0,
      339.40000000000003,
      295.0,
      400.0,
      267.1,
      278.8,
      298.9,
      276.1,
      292.9,
      360.1,
      232.0,
      232.0,
      281.5,
      283.0,
      266.5,
      336.4,
      291.4,
      265.6,
      308.20000000000005,
      281.5,
      272.5,
      280.9,
      320.5,
      290.5,
      285.4,
      316.3,
      322.3,
      256.9,
      301.90000000000003,
      263.8,
      309.1,
      280.9,
      259.9,
      313.9,
      246.1,
      313.90000000000003,
      345.70000000000005,
      322.9,
      310.9,
      295.9,
      287.5,
      257.5,
      315.70000000000005,
      263.8,
      284.5,
      325.0,
      307.0,
      334.90000000000003,
      297.4,
      268.0,
      274.9,
      300.1,
      280.9,
      294.4,
      298.9,
      263.8,
      334.3,
      349.0,
      323.5,
      257.5,
      277.0,
      337.30000000000007,
      275.5,
      232.0,
      276.4,
      317.8,
      408.40000000000003,
      330.1,
      281.5,
      268.9,
      322.9,
      232.0,
      311.8,
      387.4,
      325.30000000000007,
      262.6,
      266.5,
      292.3,
      277.0,
      269.5,
      350.80000000000007,
      259.3,
      313.3,
      304.6,
      268.9,
      321.1,
      262.0,
      424.90000000000003,
      320.20000000000005,
      264.4,
      331.3,
      338.80000000000007,
      306.4,
      304.30000000000007,
      419.80000000000007,
      356.80000000000007,
      308.8,
      274.0,
      312.70000000000005,
      301.9,
      276.4,
      376.6,
      289.9,
      308.8,
      334.3,
      325.9,
      267.4,
      283.0,
      324.40000000000003,
      347.80000000000007,
      389.8,
      336.40000000000003,
      259.9,
      294.4,
      297.4,
      285.4,
      323.20000000000005,
      268.9,
      391.0,
      292.3,
      289.9,
      318.4,
      264.4,
      266.5,
      301.9,
      298.3,
      335.5,
      257.5,
      325.30000000000007,
      315.4,
      327.40000000000003,
      274.0,
      268.9,
      339.70000000000005,
      376.6,
      325.0,
      258.4,
      335.5,
      328.6,
      261.4,
      262.6,
      413.5,
      273.1,
      324.4,
      311.5,
      369.70000000000005,
      271.9,
      283.6,
      328.9,
      347.8,
      304.0,
      343.0,
      322.0,
      371.20000000000005,
      281.5,
      290.5,
      370.0,
      250.3,
      303.40000000000003,
      299.8,
      331.0,
      329.5,
      319.6,
      327.1,
      294.4,
      333.1,
      326.80000000000007,
      256.0,
      266.5,
      266.5,
      277.0,
      321.4,
      326.80000000000007,
      344.20000000000005,
      274.9,
      276.1,
      287.5,
      356.5,
      287.8,
      287.5,
      315.70000000000005
    ]
  },
  "common_reward_value_mean": {
    "steps": [
      8
    ],
    "timestamps": [
      "2024-12-11T07:07:18.065746"
    ],
    "values": [
      322.0
    ]
  },
  "env_score_mean": {
    "steps": [
      8
    ],
    "timestamps": [
      "2024-12-11T07:07:18.065500"
    ],
    "values": [
      21.666666666666668
    ]
  },
  "ep_length_mean": {
    "steps": [
      8
    ],
    "timestamps": [
      "2024-12-11T07:07:18.065826"
    ],
    "values": [
      8.0
    ]
  },
  "episode": {
    "steps": [
      104,
      209
    ],
    "timestamps": [
      "2024-12-11T07:07:52.601170",
      "2024-12-11T07:08:28.880020"
    ],
    "values": [
      14,
      29
    ]
  },
  "test_P1_reward_mean": {
    "steps": [
      8,
      111,
      216
    ],
    "timestamps": [
      "2024-12-11T07:07:48.377802",
      "2024-12-11T07:08:24.955625",
      "2024-12-11T07:08:58.784097"
    ],
    "values": [
      30.917666666666666,
      33.26366666666668,
      31.50866666666668
    ]
  },
  "test_P2_reward_mean": {
    "steps": [
      8,
      111,
      216
    ],
    "timestamps": [
      "2024-12-11T07:07:48.378538",
      "2024-12-11T07:08:24.956343",
      "2024-12-11T07:08:58.784830"
    ],
    "values": [
      62.746666666666734,
      69.52666666666676,
      63.81916666666673
    ]
  },
  "test_P3_reward_mean": {
    "steps": [
      8,
      111,
      216
    ],
    "timestamps": [
      "2024-12-11T07:07:48.378913",
      "2024-12-11T07:08:24.956699",
      "2024-12-11T07:08:58.785189"
    ],
    "values": [
      92.61066666666667,
      101.59866666666663,
      94.33866666666668
    ]
  },
  "test_agent_0_return_mean": {
    "steps": [
      8,
      111,
      216
    ],
    "timestamps": [
      "2024-12-11T07:07:48.374460",
      "2024-12-11T07:08:24.952274",
      "2024-12-11T07:08:58.780791"
    ],
    "values": [
      154.9203333377838,
      321.79899996757507,
      158.51466646194459
    ]
  },
  "test_agent_0_return_std": {
    "steps": [
      8,
      111,
      216
    ],
    "timestamps": [
      "2024-12-11T07:07:48.374815",
      "2024-12-11T07:08:24.952605",
      "2024-12-11T07:08:58.781132"
    ],
    "values": [
      25.811181113550642,
      1703.4967300169476,
      25.52308784305103
    ]
  },
  "test_agent_1_return_mean": {
    "steps": [
      8,
      111,
      216
    ],
    "timestamps": [
      "2024-12-11T07:07:48.375376",
      "2024-12-11T07:08:24.953085",
      "2024-12-11T07:08:58.781639"
    ],
    "values": [
      225.26833434581758,
      626.3725063991546,
      231.9191676521301
    ]
  },
  "test_agent_1_return_std": {
    "steps": [
      8,
      111,
      216
    ],
    "timestamps": [
      "2024-12-11T07:07:48.375699",
      "2024-12-11T07:08:24.953455",
      "2024-12-11T07:08:58.781995"
    ],
    "values": [
      50.229500977742866,
      4066.6695975456496,
      49.95221015645425
    ]
  },
  "test_agent_2_return_mean": {
    "steps": [
      8,
      111,
      216
    ],
    "timestamps": [
      "2024-12-11T07:07:48.376217",
      "2024-12-11T07:08:24.953964",
      "2024-12-11T07:08:58.782500"
    ],
    "values": [
      333.27233387470244,
      970.8760018014908,
      344.17366726398467
    ]
  },
  "test_agent_2_return_std": {
    "steps": [
      8,
      111,
      216
    ],
    "timestamps": [
      "2024-12-11T07:07:48.376573",
      "2024-12-11T07:08:24.954343",
      "2024-12-11T07:08:58.782843"
    ],
    "values": [
      73.79050045189511,
      6467.6918481077355,
      73.59151517448232
    ]
  },
  "test_common_reward_value_mean": {
    "steps": [
      8,
      111,
      216
    ],
    "timestamps": [
      "2024-12-11T07:07:48.379274",
      "2024-12-11T07:08:24.957045",
      "2024-12-11T07:08:58.785534"
    ],
    "values": [
      303.97599999999994,
      340.4830000000002,
      310.80999999999995
    ]
  },
  "test_env_score_mean": {
    "steps": [
      8,
      111,
      216
    ],
    "timestamps": [
      "2024-12-11T07:07:48.378166",
      "2024-12-11T07:08:24.955981",
      "2024-12-11T07:08:58.784463"
    ],
    "values": [
      21.66666666666669,
      21.66666666666669,
      21.66666666666669
    ]
  },
  "test_ep_length_mean": {
    "steps": [
      8,
      111,
      216
    ],
    "timestamps": [
      "2024-12-11T07:07:48.379618",
      "2024-12-11T07:08:24.957389",
      "2024-12-11T07:08:58.785898"
    ],
    "values": [
      7.09,
      7.88,
      7.17
    ]
  },
  "test_total_return_mean": {
    "steps": [
      8,
      111,
      216
    ],
    "timestamps": [
      "2024-12-11T07:07:48.376992",
      "2024-12-11T07:08:24.954774",
      "2024-12-11T07:08:58.783269"
    ],
    "values": [
      713.4610015583038,
      1919.0475081682205,
      734.6075013780594
    ]
  },
  "test_total_return_std": {
    "steps": [
      8,
      111,
      216
    ],
    "timestamps": [
      "2024-12-11T07:07:48.377373",
      "2024-12-11T07:08:24.955165",
      "2024-12-11T07:08:58.783661"
    ],
    "values": [
      149.3957398392216,
      12237.848396217263,
      148.63674172879715
    ]
  },
  "total_return_mean": {
    "steps": [
      8
    ],
    "timestamps": [
      "2024-12-11T07:07:18.065176"
    ],
    "values": [
      849.7500019073486
    ]
  },
  "total_return_std": {
    "steps": [
      8
    ],
    "timestamps": [
      "2024-12-11T07:07:18.065282"
    ],
    "values": [
      0.0
    ]
  }
}